character #1, character #2, similarity
1, 0, 0.3585258894959005
0, 1, 0.3585258894959005
2, 0, 0.5278631522464252
0, 2, 0.5278631522464252
3, 0, 0.5810173885883849
0, 3, 0.5810173885883849
4, 0, 0.5375446278382082
0, 4, 0.5375446278382082
5, 0, 0.5664712095265177
0, 5, 0.5664712095265177
6, 0, 0.7068545382607847
0, 6, 0.7068545382607847
7, 0, 0.38691925744308825
0, 7, 0.38691925744308825
8, 0, 0.797165970031334
0, 8, 0.797165970031334
9, 0, 0.7317873090602188
0, 9, 0.7317873090602188
A, 0, 0.6111698816507011
0, A, 0.6111698816507011
a, 0, 0.6116184400292747
0, a, 0.6116184400292747
B, 0, 0.7895221595523462
0, B, 0.7895221595523462
b, 0, 0.6171416656666625
0, b, 0.6171416656666625
C, 0, 0.5196133578525702
0, C, 0.5196133578525702
c, 0, 0.43158295888253445
0, c, 0.43158295888253445
D, 0, 0.6899620921550855
0, D, 0.6899620921550855
d, 0, 0.5669538612324846
0, d, 0.5669538612324846
E, 0, 0.5520860163661238
0, E, 0.5520860163661238
e, 0, 0.6472631812621424
0, e, 0.6472631812621424
F, 0, 0.4530690943803581
0, F, 0.4530690943803581
f, 0, 0.5151017298248317
0, f, 0.5151017298248317
G, 0, 0.7021057181888773
0, G, 0.7021057181888773
g, 0, 0.7244369623283506
0, g, 0.7244369623283506
H, 0, 0.5371551970390999
0, H, 0.5371551970390999
h, 0, 0.5240156424790747
0, h, 0.5240156424790747
I, 0, 0.30516397752557206
0, I, 0.30516397752557206
i, 0, 0.2819931974543294
0, i, 0.2819931974543294
J, 0, 0.43933269383026263
0, J, 0.43933269383026263
j, 0, 0.38332861546107244
0, j, 0.38332861546107244
K, 0, 0.5289863195449355
0, K, 0.5289863195449355
k, 0, 0.5535096005831172
0, k, 0.5535096005831172
L, 0, 0.305598886822961
0, L, 0.305598886822961
l, 0, 0.2824410890628773
0, l, 0.2824410890628773
M, 0, 0.6366535540779654
0, M, 0.6366535540779654
m, 0, 0.5617671959482965
0, m, 0.5617671959482965
N, 0, 0.649177897666971
0, N, 0.649177897666971
n, 0, 0.47712125471966244
0, n, 0.47712125471966244
O, 0, 0.8266487783103477
0, O, 0.8266487783103477
o, 0, 0.6093838492402347
0, o, 0.6093838492402347
P, 0, 0.6219453294475105
0, P, 0.6219453294475105
p, 0, 0.5949981368404755
0, p, 0.5949981368404755
Q, 0, 0.6398168414742644
0, Q, 0.6398168414742644
q, 0, 0.6137334311643557
0, q, 0.6137334311643557
R, 0, 0.6310039828789874
0, R, 0.6310039828789874
r, 0, 0.36387083352417166
0, r, 0.36387083352417166
S, 0, 0.6004408607282947
0, S, 0.6004408607282947
s, 0, 0.48867378403904155
0, s, 0.48867378403904155
T, 0, 0.34449568944507153
0, T, 0.34449568944507153
t, 0, 0.49266213553191845
0, t, 0.49266213553191845
U, 0, 0.6312987867110733
0, U, 0.6312987867110733
u, 0, 0.48686044327557326
0, u, 0.48686044327557326
V, 0, 0.531011347126031
0, V, 0.531011347126031
v, 0, 0.39491355404184975
0, v, 0.39491355404184975
W, 0, 0.6305910799141269
0, W, 0.6305910799141269
w, 0, 0.5811173804111515
0, w, 0.5811173804111515
X, 0, 0.4998045589348662
0, X, 0.4998045589348662
x, 0, 0.4487401623520939
0, x, 0.4487401623520939
Y, 0, 0.36579090133849385
0, Y, 0.36579090133849385
y, 0, 0.4115393814645681
0, y, 0.4115393814645681
Z, 0, 0.507601803330287
0, Z, 0.507601803330287
z, 0, 0.366867475670004
0, z, 0.366867475670004
2, 1, 0.507919587051385
1, 2, 0.507919587051385
3, 1, 0.4530830138522236
1, 3, 0.4530830138522236
4, 1, 0.45522750378090815
1, 4, 0.45522750378090815
5, 1, 0.35369215442396507
1, 5, 0.35369215442396507
6, 1, 0.35127109179174176
1, 6, 0.35127109179174176
7, 1, 0.33270810569965503
1, 7, 0.33270810569965503
8, 1, 0.3784474758523859
1, 8, 0.3784474758523859
9, 1, 0.35990431041643806
1, 9, 0.35990431041643806
A, 1, 0.406761459186846
1, A, 0.406761459186846
a, 1, 0.44279042404892427
1, a, 0.44279042404892427
B, 1, 0.4104960456160737
1, B, 0.4104960456160737
b, 1, 0.39169922290187204
1, b, 0.39169922290187204
C, 1, 0.34946007608598323
1, C, 0.34946007608598323
c, 1, 0.3026596203974894
1, c, 0.3026596203974894
D, 1, 0.34932060013095606
1, D, 0.34932060013095606
d, 1, 0.4640282257358992
1, d, 0.4640282257358992
E, 1, 0.4723223718378937
1, E, 0.4723223718378937
e, 1, 0.27513540157642347
1, e, 0.27513540157642347
F, 1, 0.32112246501513014
1, F, 0.32112246501513014
f, 1, 0.35159602986301053
1, f, 0.35159602986301053
G, 1, 0.3283040805306432
1, G, 0.3283040805306432
g, 1, 0.34702294000212497
1, g, 0.34702294000212497
H, 1, 0.2741105816883281
1, H, 0.2741105816883281
h, 1, 0.3772712904039025
1, h, 0.3772712904039025
I, 1, 0.7579850247712845
1, I, 0.7579850247712845
i, 1, 0.7262245215403331
1, i, 0.7262245215403331
J, 1, 0.6575773191777938
1, J, 0.6575773191777938
j, 1, 0.4624217304862952
1, j, 0.4624217304862952
K, 1, 0.3699897413057539
1, K, 0.3699897413057539
k, 1, 0.3881250263784389
1, k, 0.3881250263784389
L, 1, 0.627021687466912
1, L, 0.627021687466912
l, 1, 0.8106221356219474
1, l, 0.8106221356219474
M, 1, 0.25719057455866884
1, M, 0.25719057455866884
m, 1, 0.31633928850099985
1, m, 0.31633928850099985
N, 1, 0.31062805441451746
1, N, 0.31062805441451746
n, 1, 0.37905466451166386
1, n, 0.37905466451166386
O, 1, 0.3459971411805044
1, O, 0.3459971411805044
o, 1, 0.3144767193912276
1, o, 0.3144767193912276
P, 1, 0.29493147745253057
1, P, 0.29493147745253057
p, 1, 0.3249563220074518
1, p, 0.3249563220074518
Q, 1, 0.27543885272993546
1, Q, 0.27543885272993546
q, 1, 0.377072290129124
1, q, 0.377072290129124
R, 1, 0.4538420651593752
1, R, 0.4538420651593752
r, 1, 0.27771824841551357
1, r, 0.27771824841551357
S, 1, 0.44573944002358945
1, S, 0.44573944002358945
s, 1, 0.3654994515632499
1, s, 0.3654994515632499
T, 1, 0.47261783671926283
1, T, 0.47261783671926283
t, 1, 0.5333722768126128
1, t, 0.5333722768126128
U, 1, 0.37220558678709303
1, U, 0.37220558678709303
u, 1, 0.3626233186547882
1, u, 0.3626233186547882
V, 1, 0.3393079812809125
1, V, 0.3393079812809125
v, 1, 0.20311616468439653
1, v, 0.20311616468439653
W, 1, 0.2390966082980626
1, W, 0.2390966082980626
w, 1, 0.20497118308893877
1, w, 0.20497118308893877
X, 1, 0.3337985221788431
1, X, 0.3337985221788431
x, 1, 0.28059612291410646
1, x, 0.28059612291410646
Y, 1, 0.2510287545995531
1, Y, 0.2510287545995531
y, 1, 0.2975296181962282
1, y, 0.2975296181962282
Z, 1, 0.5324008084152362
1, Z, 0.5324008084152362
z, 1, 0.36598099144336166
1, z, 0.36598099144336166
3, 2, 0.5950371312335461
2, 3, 0.5950371312335461
4, 2, 0.44974238083202694
2, 4, 0.44974238083202694
5, 2, 0.4104817127013712
2, 5, 0.4104817127013712
6, 2, 0.4048259091488696
2, 6, 0.4048259091488696
7, 2, 0.5542384151403702
2, 7, 0.5542384151403702
8, 2, 0.6030970245252414
2, 8, 0.6030970245252414
9, 2, 0.5330979104620236
2, 9, 0.5330979104620236
A, 2, 0.5016183843625925
2, A, 0.5016183843625925
a, 2, 0.551202405721732
2, a, 0.551202405721732
B, 2, 0.5503531682540861
2, B, 0.5503531682540861
b, 2, 0.3921104650113138
2, b, 0.3921104650113138
C, 2, 0.39475834988584835
2, C, 0.39475834988584835
c, 2, 0.3093433887121414
2, c, 0.3093433887121414
D, 2, 0.47800847562455584
2, D, 0.47800847562455584
d, 2, 0.42819122574829915
2, d, 0.42819122574829915
E, 2, 0.4657206439640625
2, E, 0.4657206439640625
e, 2, 0.40982507288846415
2, e, 0.40982507288846415
F, 2, 0.2668512266071834
2, F, 0.2668512266071834
f, 2, 0.31416301093526366
2, f, 0.31416301093526366
G, 2, 0.47249285053759144
2, G, 0.47249285053759144
g, 2, 0.6203682039806275
2, g, 0.6203682039806275
H, 2, 0.306311696251846
2, H, 0.306311696251846
h, 2, 0.28822986742241397
2, h, 0.28822986742241397
I, 2, 0.45561713542433757
2, I, 0.45561713542433757
i, 2, 0.4472029219807318
2, i, 0.4472029219807318
J, 2, 0.5144026399331769
2, J, 0.5144026399331769
j, 2, 0.4279772742424661
2, j, 0.4279772742424661
K, 2, 0.4810874419372638
2, K, 0.4810874419372638
k, 2, 0.5059638876306083
2, k, 0.5059638876306083
L, 2, 0.31851674841814814
2, L, 0.31851674841814814
l, 2, 0.39154380348724116
2, l, 0.39154380348724116
M, 2, 0.40687642442117433
2, M, 0.40687642442117433
m, 2, 0.3482386707813793
2, m, 0.3482386707813793
N, 2, 0.5054456290508224
2, N, 0.5054456290508224
n, 2, 0.2998810677930967
2, n, 0.2998810677930967
O, 2, 0.4680000337267937
2, O, 0.4680000337267937
o, 2, 0.4142152426603797
2, o, 0.4142152426603797
P, 2, 0.4499875885165563
2, P, 0.4499875885165563
p, 2, 0.44897679641336335
2, p, 0.44897679641336335
Q, 2, 0.3967149176427313
2, Q, 0.3967149176427313
q, 2, 0.45517292053329017
2, q, 0.45517292053329017
R, 2, 0.5693636709660259
2, R, 0.5693636709660259
r, 2, 0.206627203710775
2, r, 0.206627203710775
S, 2, 0.5228787452803376
2, S, 0.5228787452803376
s, 2, 0.38418811097222455
2, s, 0.38418811097222455
T, 2, 0.3049704781387795
2, T, 0.3049704781387795
t, 2, 0.46084602073132036
2, t, 0.46084602073132036
U, 2, 0.437897335526127
2, U, 0.437897335526127
u, 2, 0.38874824796080903
2, u, 0.38874824796080903
V, 2, 0.43095313923836875
2, V, 0.43095313923836875
v, 2, 0.333503598759024
2, v, 0.333503598759024
W, 2, 0.4213019140051543
2, W, 0.4213019140051543
w, 2, 0.3469066505776891
2, w, 0.3469066505776891
X, 2, 0.5780787758859011
2, X, 0.5780787758859011
x, 2, 0.4327478133036706
2, x, 0.4327478133036706
Y, 2, 0.3694873763198329
2, Y, 0.3694873763198329
y, 2, 0.4758971502759427
2, y, 0.4758971502759427
Z, 2, 0.7144269553998441
2, Z, 0.7144269553998441
z, 2, 0.5134764991862736
2, z, 0.5134764991862736
4, 3, 0.4502447762264348
3, 4, 0.4502447762264348
5, 3, 0.6578176370748618
3, 5, 0.6578176370748618
6, 3, 0.5041677815607339
3, 6, 0.5041677815607339
7, 3, 0.4713980819167761
3, 7, 0.4713980819167761
8, 3, 0.6786032329397955
3, 8, 0.6786032329397955
9, 3, 0.5763430270217014
3, 9, 0.5763430270217014
A, 3, 0.4893503279102682
3, A, 0.4893503279102682
a, 3, 0.48743846583965933
3, a, 0.48743846583965933
B, 3, 0.7027762905923899
3, B, 0.7027762905923899
b, 3, 0.39441118905592887
3, b, 0.39441118905592887
C, 3, 0.2975496549165592
3, C, 0.2975496549165592
c, 3, 0.3032773201193345
3, c, 0.3032773201193345
D, 3, 0.48356901127040497
3, D, 0.48356901127040497
d, 3, 0.5020589013427641
3, d, 0.5020589013427641
E, 3, 0.49231275361473376
3, E, 0.49231275361473376
e, 3, 0.37643588937671274
3, e, 0.37643588937671274
F, 3, 0.3059967542656228
3, F, 0.3059967542656228
f, 3, 0.32005323297741156
3, f, 0.32005323297741156
G, 3, 0.4913616938342727
3, G, 0.4913616938342727
g, 3, 0.5736570372160634
3, g, 0.5736570372160634
H, 3, 0.4146243067771027
3, H, 0.4146243067771027
h, 3, 0.3286549121854785
3, h, 0.3286549121854785
I, 3, 0.4243808164926492
3, I, 0.4243808164926492
i, 3, 0.4128315640733827
3, i, 0.4128315640733827
J, 3, 0.6462042874769662
3, J, 0.6462042874769662
j, 3, 0.5245083700138458
3, j, 0.5245083700138458
K, 3, 0.44618500371658687
3, K, 0.44618500371658687
k, 3, 0.4520265334912686
3, k, 0.4520265334912686
L, 3, 0.2841194945733181
3, L, 0.2841194945733181
l, 3, 0.4429884468598589
3, l, 0.4429884468598589
M, 3, 0.36510382344886416
3, M, 0.36510382344886416
m, 3, 0.2915332212644132
3, m, 0.2915332212644132
N, 3, 0.47309592947555473
3, N, 0.47309592947555473
n, 3, 0.3010299956639812
3, n, 0.3010299956639812
O, 3, 0.4791247136305339
3, O, 0.4791247136305339
o, 3, 0.34978263245401575
3, o, 0.34978263245401575
P, 3, 0.4572926705442879
3, P, 0.4572926705442879
p, 3, 0.36586855551426256
3, p, 0.36586855551426256
Q, 3, 0.408892729337541
3, Q, 0.408892729337541
q, 3, 0.41654848117235876
3, q, 0.41654848117235876
R, 3, 0.5813305064692182
3, R, 0.5813305064692182
r, 3, 0.18921293637758627
3, r, 0.18921293637758627
S, 3, 0.6728331888116285
3, S, 0.6728331888116285
s, 3, 0.4777797756675213
3, s, 0.4777797756675213
T, 3, 0.40122267344604523
3, T, 0.40122267344604523
t, 3, 0.3689376141862919
3, t, 0.3689376141862919
U, 3, 0.46605582856950245
3, U, 0.46605582856950245
u, 3, 0.34324336273767
3, u, 0.34324336273767
V, 3, 0.3228203304677622
3, V, 0.3228203304677622
v, 3, 0.25741317363913824
3, v, 0.25741317363913824
W, 3, 0.40796613978199103
3, W, 0.40796613978199103
w, 3, 0.33910504399470065
3, w, 0.33910504399470065
X, 3, 0.4741681146920375
3, X, 0.4741681146920375
x, 3, 0.40628062543989735
3, x, 0.40628062543989735
Y, 3, 0.293065780205341
3, Y, 0.293065780205341
y, 3, 0.4256492806345579
3, y, 0.4256492806345579
Z, 3, 0.5055294405388074
3, Z, 0.5055294405388074
z, 3, 0.3705840884316104
3, z, 0.3705840884316104
5, 4, 0.3902110870101331
4, 5, 0.3902110870101331
6, 4, 0.4800458077369791
4, 6, 0.4800458077369791
7, 4, 0.28455380138311676
4, 7, 0.28455380138311676
8, 4, 0.49727440722025784
4, 8, 0.49727440722025784
9, 4, 0.4906037626089118
4, 9, 0.4906037626089118
A, 4, 0.6510212309333211
4, A, 0.6510212309333211
a, 4, 0.6336825343623818
4, a, 0.6336825343623818
B, 4, 0.46611119855515826
4, B, 0.46611119855515826
b, 4, 0.4336267720696541
4, b, 0.4336267720696541
C, 4, 0.32277514323622597
4, C, 0.32277514323622597
c, 4, 0.5167618204706557
4, c, 0.5167618204706557
D, 4, 0.3251701890325751
4, D, 0.3251701890325751
d, 4, 0.5291609980719372
4, d, 0.5291609980719372
E, 4, 0.3511397937643477
4, E, 0.3511397937643477
e, 4, 0.5353348370590889
4, e, 0.5353348370590889
F, 4, 0.3390320215278941
4, F, 0.3390320215278941
f, 4, 0.4002078701278597
4, f, 0.4002078701278597
G, 4, 0.42362751645737867
4, G, 0.42362751645737867
g, 4, 0.505017389559327
4, g, 0.505017389559327
H, 4, 0.4101417264450397
4, H, 0.4101417264450397
h, 4, 0.41740744616933245
4, h, 0.41740744616933245
I, 4, 0.355315281604121
4, I, 0.355315281604121
i, 4, 0.48357661772768995
4, i, 0.48357661772768995
J, 4, 0.4056392261070506
4, J, 0.4056392261070506
j, 4, 0.3206846836604512
4, j, 0.3206846836604512
K, 4, 0.5267913346433876
4, K, 0.5267913346433876
k, 4, 0.47650127676726056
4, k, 0.47650127676726056
L, 4, 0.35094344599581406
4, L, 0.35094344599581406
l, 4, 0.43338336131706146
4, l, 0.43338336131706146
M, 4, 0.4709734040829134
4, M, 0.4709734040829134
m, 4, 0.4627584791304677
4, m, 0.4627584791304677
N, 4, 0.5298276052356654
4, N, 0.5298276052356654
n, 4, 0.48801810368731596
4, n, 0.48801810368731596
O, 4, 0.4010384366674162
4, O, 0.4010384366674162
o, 4, 0.44870215403074926
4, o, 0.44870215403074926
P, 4, 0.514285380588614
4, P, 0.514285380588614
p, 4, 0.40217706161529226
4, p, 0.40217706161529226
Q, 4, 0.28984582871146747
4, Q, 0.28984582871146747
q, 4, 0.5653556692457397
4, q, 0.5653556692457397
R, 4, 0.5338577778251052
4, R, 0.5338577778251052
r, 4, 0.2863279503249711
4, r, 0.2863279503249711
S, 4, 0.354530061567348
4, S, 0.354530061567348
s, 4, 0.5243434835386114
4, s, 0.5243434835386114
T, 4, 0.40623888186295165
4, T, 0.40623888186295165
t, 4, 0.4179739139847481
4, t, 0.4179739139847481
U, 4, 0.30811654304420755
4, U, 0.30811654304420755
u, 4, 0.4584613424262259
4, u, 0.4584613424262259
V, 4, 0.31017858094244644
4, V, 0.31017858094244644
v, 4, 0.3093134036125047
4, v, 0.3093134036125047
W, 4, 0.41919846842082287
4, W, 0.41919846842082287
w, 4, 0.48735458498825274
4, w, 0.48735458498825274
X, 4, 0.4979159199760738
4, X, 0.4979159199760738
x, 4, 0.5654619506055715
4, x, 0.5654619506055715
Y, 4, 0.2924298239020636
4, Y, 0.2924298239020636
y, 4, 0.2689487280525407
4, y, 0.2689487280525407
Z, 4, 0.4335031501695388
4, Z, 0.4335031501695388
z, 4, 0.6228993703613223
4, z, 0.6228993703613223
6, 5, 0.721287291140973
5, 6, 0.721287291140973
7, 5, 0.3617798504474895
5, 7, 0.3617798504474895
8, 5, 0.642600163208141
5, 8, 0.642600163208141
9, 5, 0.6238132446605759
5, 9, 0.6238132446605759
A, 5, 0.41459403305154957
5, A, 0.41459403305154957
a, 5, 0.42755612041632046
5, a, 0.42755612041632046
B, 5, 0.7716559025247713
5, B, 0.7716559025247713
b, 5, 0.4944991711303244
5, b, 0.4944991711303244
C, 5, 0.383662112618174
5, C, 0.383662112618174
c, 5, 0.3778271855038793
5, c, 0.3778271855038793
D, 5, 0.5177498171789858
5, D, 0.5177498171789858
d, 5, 0.44227707447704395
5, d, 0.44227707447704395
E, 5, 0.6766936096248666
5, E, 0.6766936096248666
e, 5, 0.3934970596223186
5, e, 0.3934970596223186
F, 5, 0.5032240572838675
5, F, 0.5032240572838675
f, 5, 0.3670463200604688
5, f, 0.3670463200604688
G, 5, 0.5865478251497148
5, G, 0.5865478251497148
g, 5, 0.51400705460873
5, g, 0.51400705460873
H, 5, 0.40139137371244893
5, H, 0.40139137371244893
h, 5, 0.48065391868740515
5, h, 0.48065391868740515
I, 5, 0.3538664848660411
5, I, 0.3538664848660411
i, 5, 0.3256056236403975
5, i, 0.3256056236403975
J, 5, 0.5602429832420855
5, J, 0.5602429832420855
j, 5, 0.4077647871922536
5, j, 0.4077647871922536
K, 5, 0.45000697313971993
5, K, 0.45000697313971993
k, 5, 0.41133833032987516
5, k, 0.41133833032987516
L, 5, 0.3667762469159865
5, L, 0.3667762469159865
l, 5, 0.3214526670292841
5, l, 0.3214526670292841
M, 5, 0.32598773570513473
5, M, 0.32598773570513473
m, 5, 0.2903342281263183
5, m, 0.2903342281263183
N, 5, 0.48523914494184195
5, N, 0.48523914494184195
n, 5, 0.35881309701037556
5, n, 0.35881309701037556
O, 5, 0.4816275932769918
5, O, 0.4816275932769918
o, 5, 0.40722132506142433
5, o, 0.40722132506142433
P, 5, 0.5399657044917613
5, P, 0.5399657044917613
p, 5, 0.40896197076989865
5, p, 0.40896197076989865
Q, 5, 0.3918900374556284
5, Q, 0.3918900374556284
q, 5, 0.36665324667198845
5, q, 0.36665324667198845
R, 5, 0.5466025702968899
5, R, 0.5466025702968899
r, 5, 0.22926301801868013
5, r, 0.22926301801868013
S, 5, 0.7223158270239113
5, S, 0.7223158270239113
s, 5, 0.564480276069855
5, s, 0.564480276069855
T, 5, 0.3025673228689103
5, T, 0.3025673228689103
t, 5, 0.37029922121362563
5, t, 0.37029922121362563
U, 5, 0.428057209885486
5, U, 0.428057209885486
u, 5, 0.38610903311064954
5, u, 0.38610903311064954
V, 5, 0.40120949323688493
5, V, 0.40120949323688493
v, 5, 0.33624331700991467
5, v, 0.33624331700991467
W, 5, 0.4063731762089004
5, W, 0.4063731762089004
w, 5, 0.36326468320678074
5, w, 0.36326468320678074
X, 5, 0.38288226612750015
5, X, 0.38288226612750015
x, 5, 0.3818760771014374
5, x, 0.3818760771014374
Y, 5, 0.2965102081954524
5, Y, 0.2965102081954524
y, 5, 0.373466239288837
5, y, 0.373466239288837
Z, 5, 0.33456767939972254
5, Z, 0.33456767939972254
z, 5, 0.3830329623936991
5, z, 0.3830329623936991
7, 6, 0.28478111263069106
6, 7, 0.28478111263069106
8, 6, 0.677234281318605
6, 8, 0.677234281318605
9, 6, 0.5953360860115056
6, 9, 0.5953360860115056
A, 6, 0.5259940108721451
6, A, 0.5259940108721451
a, 6, 0.5482074988679624
6, a, 0.5482074988679624
B, 6, 0.7408447416127631
6, B, 0.7408447416127631
b, 6, 0.597320240379283
6, b, 0.597320240379283
C, 6, 0.5821651626110231
6, C, 0.5821651626110231
c, 6, 0.48787636544271296
6, c, 0.48787636544271296
D, 6, 0.5812778375813141
6, D, 0.5812778375813141
d, 6, 0.5518621724567426
6, d, 0.5518621724567426
E, 6, 0.6826444517850252
6, E, 0.6826444517850252
e, 6, 0.5759072727264742
6, e, 0.5759072727264742
F, 6, 0.4852105375805409
6, F, 0.4852105375805409
f, 6, 0.5158168907928508
6, f, 0.5158168907928508
G, 6, 0.7887537857375568
6, G, 0.7887537857375568
g, 6, 0.5926050290824976
6, g, 0.5926050290824976
H, 6, 0.45220052425853496
6, H, 0.45220052425853496
h, 6, 0.521311459270812
6, h, 0.521311459270812
I, 6, 0.3378243680644953
6, I, 0.3378243680644953
i, 6, 0.3010299956639812
6, i, 0.3010299956639812
J, 6, 0.39003800164237756
6, J, 0.39003800164237756
j, 6, 0.30009703186393494
6, j, 0.30009703186393494
K, 6, 0.5046174283060215
6, K, 0.5046174283060215
k, 6, 0.45781609952427577
6, k, 0.45781609952427577
L, 6, 0.3979400086720376
6, L, 0.3979400086720376
l, 6, 0.2579126012695145
6, l, 0.2579126012695145
M, 6, 0.4501180203371092
6, M, 0.4501180203371092
m, 6, 0.43972688984715325
6, m, 0.43972688984715325
N, 6, 0.5777655511126821
6, N, 0.5777655511126821
n, 6, 0.463653680019855
6, n, 0.463653680019855
O, 6, 0.6309729252409078
6, O, 0.6309729252409078
o, 6, 0.5797835966168101
6, o, 0.5797835966168101
P, 6, 0.6225816584725641
6, P, 0.6225816584725641
p, 6, 0.561396355328527
6, p, 0.561396355328527
Q, 6, 0.4974471095257521
6, Q, 0.4974471095257521
q, 6, 0.5220767238485201
6, q, 0.5220767238485201
R, 6, 0.5515239267298676
6, R, 0.5515239267298676
r, 6, 0.32781840112204863
6, r, 0.32781840112204863
S, 6, 0.6435149453918649
6, S, 0.6435149453918649
s, 6, 0.5657587417617289
6, s, 0.5657587417617289
T, 6, 0.34735556280258395
6, T, 0.34735556280258395
t, 6, 0.5347951537286103
6, t, 0.5347951537286103
U, 6, 0.519660650864956
6, U, 0.519660650864956
u, 6, 0.4913616938342727
6, u, 0.4913616938342727
V, 6, 0.4634415574284699
6, V, 0.4634415574284699
v, 6, 0.4342687548023945
6, v, 0.4342687548023945
W, 6, 0.4601802104976089
6, W, 0.4601802104976089
w, 6, 0.4444198616122307
6, w, 0.4444198616122307
X, 6, 0.45542784127866637
6, X, 0.45542784127866637
x, 6, 0.38528708957748886
6, x, 0.38528708957748886
Y, 6, 0.35987526686274013
6, Y, 0.35987526686274013
y, 6, 0.3269812322475187
6, y, 0.3269812322475187
Z, 6, 0.46749610326873975
6, Z, 0.46749610326873975
z, 6, 0.33154751966791945
6, z, 0.33154751966791945
8, 7, 0.4555230795970189
7, 8, 0.4555230795970189
9, 7, 0.4763196033948534
7, 9, 0.4763196033948534
A, 7, 0.39624243850321056
7, A, 0.39624243850321056
a, 7, 0.4280253792818718
7, a, 0.4280253792818718
B, 7, 0.4950974124483349
7, B, 0.4950974124483349
b, 7, 0.38646019098860757
7, b, 0.38646019098860757
C, 7, 0.2572904718095674
7, C, 0.2572904718095674
c, 7, 0.29168996940983777
7, c, 0.29168996940983777
D, 7, 0.41535766050139084
7, D, 0.41535766050139084
d, 7, 0.3843209334933839
7, d, 0.3843209334933839
E, 7, 0.35906344433618115
7, E, 0.35906344433618115
e, 7, 0.4131799752287745
7, e, 0.4131799752287745
F, 7, 0.39866202792712263
7, F, 0.39866202792712263
f, 7, 0.4092056166565339
7, f, 0.4092056166565339
G, 7, 0.30008690195590715
7, G, 0.30008690195590715
g, 7, 0.44624468824659264
7, g, 0.44624468824659264
H, 7, 0.179332277693514
7, H, 0.179332277693514
h, 7, 0.24512954492710728
7, h, 0.24512954492710728
I, 7, 0.43123297226463836
7, I, 0.43123297226463836
i, 7, 0.2553380639353278
7, i, 0.2553380639353278
J, 7, 0.4945171014016957
7, J, 0.4945171014016957
j, 7, 0.34837487436869563
7, j, 0.34837487436869563
K, 7, 0.4376612569426513
7, K, 0.4376612569426513
k, 7, 0.394404348857132
7, k, 0.394404348857132
L, 7, 0.16798502477311258
7, L, 0.16798502477311258
l, 7, 0.35067935691385255
7, l, 0.35067935691385255
M, 7, 0.3034931315787249
7, M, 0.3034931315787249
m, 7, 0.30746763811274486
7, m, 0.30746763811274486
N, 7, 0.33753128037741303
7, N, 0.33753128037741303
n, 7, 0.30035719230416486
7, n, 0.30035719230416486
O, 7, 0.32516367538070057
7, O, 0.32516367538070057
o, 7, 0.39966682797254355
7, o, 0.39966682797254355
P, 7, 0.43443602550645266
7, P, 0.43443602550645266
p, 7, 0.3819247929235361
7, p, 0.3819247929235361
Q, 7, 0.3020435188355334
7, Q, 0.3020435188355334
q, 7, 0.3576594738831802
7, q, 0.3576594738831802
R, 7, 0.43894707049379283
7, R, 0.43894707049379283
r, 7, 0.4030709736251724
7, r, 0.4030709736251724
S, 7, 0.3005070642559441
7, S, 0.3005070642559441
s, 7, 0.38145000649812966
7, s, 0.38145000649812966
T, 7, 0.5446942801933238
7, T, 0.5446942801933238
t, 7, 0.3902982663781623
7, t, 0.3902982663781623
U, 7, 0.3010299956639812
7, U, 0.3010299956639812
u, 7, 0.37345691456217506
7, u, 0.37345691456217506
V, 7, 0.4531627997307199
7, V, 0.4531627997307199
v, 7, 0.4407359082397007
7, v, 0.4407359082397007
W, 7, 0.2815675158945491
7, W, 0.2815675158945491
w, 7, 0.265668420499041
7, w, 0.265668420499041
X, 7, 0.48834499472627463
7, X, 0.48834499472627463
x, 7, 0.4425896045454036
7, x, 0.4425896045454036
Y, 7, 0.5003412554118111
7, Y, 0.5003412554118111
y, 7, 0.49581404978271093
7, y, 0.49581404978271093
Z, 7, 0.6426885537872858
7, Z, 0.6426885537872858
z, 7, 0.5381187118370745
7, z, 0.5381187118370745
9, 8, 0.6924194354744286
8, 9, 0.6924194354744286
A, 8, 0.5702840962335618
8, A, 0.5702840962335618
a, 8, 0.6202848114341615
8, a, 0.6202848114341615
B, 8, 0.8482069895600509
8, B, 0.8482069895600509
b, 8, 0.5754910824867617
8, b, 0.5754910824867617
C, 8, 0.5170825460460498
8, C, 0.5170825460460498
c, 8, 0.4105596224131129
8, c, 0.4105596224131129
D, 8, 0.63439317683174
8, D, 0.63439317683174
d, 8, 0.5689835325263762
8, d, 0.5689835325263762
E, 8, 0.6137519186526799
8, E, 0.6137519186526799
e, 8, 0.5815642494683501
8, e, 0.5815642494683501
F, 8, 0.4490925311194189
8, F, 0.4490925311194189
f, 8, 0.46156328413469594
8, f, 0.46156328413469594
G, 8, 0.6626533523445925
8, G, 0.6626533523445925
g, 8, 0.7692194295167176
8, g, 0.7692194295167176
H, 8, 0.5192677054392241
8, H, 0.5192677054392241
h, 8, 0.515385754814945
8, h, 0.515385754814945
I, 8, 0.35327783894896525
8, I, 0.35327783894896525
i, 8, 0.3450587029504701
8, i, 0.3450587029504701
J, 8, 0.4684005962093224
8, J, 0.4684005962093224
j, 8, 0.40941982635546764
8, j, 0.40941982635546764
K, 8, 0.5857879046025387
8, K, 0.5857879046025387
k, 8, 0.5901648937732296
8, k, 0.5901648937732296
L, 8, 0.3473300153169504
8, L, 0.3473300153169504
l, 8, 0.3048010278833248
8, l, 0.3048010278833248
M, 8, 0.5791107932569938
8, M, 0.5791107932569938
m, 8, 0.4815096881236365
8, m, 0.4815096881236365
N, 8, 0.6686220523210694
8, N, 0.6686220523210694
n, 8, 0.44204887394853487
8, n, 0.44204887394853487
O, 8, 0.6343707581613911
8, O, 0.6343707581613911
o, 8, 0.4969034273111528
8, o, 0.4969034273111528
P, 8, 0.5640009262367913
8, P, 0.5640009262367913
p, 8, 0.5458845453543263
8, p, 0.5458845453543263
Q, 8, 0.5416974703696499
8, Q, 0.5416974703696499
q, 8, 0.5519092274957293
8, q, 0.5519092274957293
R, 8, 0.7065351034609395
8, R, 0.7065351034609395
r, 8, 0.34730666677889993
8, r, 0.34730666677889993
S, 8, 0.6764130576242166
8, S, 0.6764130576242166
s, 8, 0.5371191843949479
8, s, 0.5371191843949479
T, 8, 0.38477856261406673
8, T, 0.38477856261406673
t, 8, 0.49562782958233875
8, t, 0.49562782958233875
U, 8, 0.5850855753698739
8, U, 0.5850855753698739
u, 8, 0.49805516155530544
8, u, 0.49805516155530544
V, 8, 0.5250050383007795
8, V, 0.5250050383007795
v, 8, 0.4497580239432296
8, v, 0.4497580239432296
W, 8, 0.5805545888290438
8, W, 0.5805545888290438
w, 8, 0.47562626363271127
8, w, 0.47562626363271127
X, 8, 0.5890273459674616
8, X, 0.5890273459674616
x, 8, 0.5143426928023603
8, x, 0.5143426928023603
Y, 8, 0.4682031901911517
8, Y, 0.4682031901911517
y, 8, 0.5013473473491474
8, y, 0.5013473473491474
Z, 8, 0.5652496295547611
8, Z, 0.5652496295547611
z, 8, 0.4050195739228123
8, z, 0.4050195739228123
A, 9, 0.472904770318499
9, A, 0.472904770318499
a, 9, 0.5452595251576944
9, a, 0.5452595251576944
B, 9, 0.7839986328434049
9, B, 0.7839986328434049
b, 9, 0.557028244612114
9, b, 0.557028244612114
C, 9, 0.39996469523845213
9, C, 0.39996469523845213
c, 9, 0.44441474874653003
9, c, 0.44441474874653003
D, 9, 0.6714302260103812
9, D, 0.6714302260103812
d, 9, 0.569470615505738
9, d, 0.569470615505738
E, 9, 0.5000941065300177
9, E, 0.5000941065300177
e, 9, 0.6120368131242071
9, e, 0.6120368131242071
F, 9, 0.4520030842565906
9, F, 0.4520030842565906
f, 9, 0.4448554781761643
9, f, 0.4448554781761643
G, 9, 0.5881055545166769
9, G, 0.5881055545166769
g, 9, 0.5825864909537741
9, g, 0.5825864909537741
H, 9, 0.49358936917835
9, H, 0.49358936917835
h, 9, 0.47984411305513575
9, h, 0.47984411305513575
I, 9, 0.34876425104805775
9, I, 0.34876425104805775
i, 9, 0.23913870998142436
9, i, 0.23913870998142436
J, 9, 0.4826117764179236
9, J, 0.4826117764179236
j, 9, 0.37645109283829925
9, j, 0.37645109283829925
K, 9, 0.4843446142818122
9, K, 0.4843446142818122
k, 9, 0.48403807750043026
9, k, 0.48403807750043026
L, 9, 0.24560918842392662
9, L, 0.24560918842392662
l, 9, 0.2638132511598924
9, l, 0.2638132511598924
M, 9, 0.5058846181599869
9, M, 0.5058846181599869
m, 9, 0.4857774680949106
9, m, 0.4857774680949106
N, 9, 0.597030884057967
9, N, 0.597030884057967
n, 9, 0.5028713404597731
9, n, 0.5028713404597731
O, 9, 0.6449508412370344
9, O, 0.6449508412370344
o, 9, 0.6320232147054056
9, o, 0.6320232147054056
P, 9, 0.6184122294595906
9, P, 0.6184122294595906
p, 9, 0.6075613320772393
9, p, 0.6075613320772393
Q, 9, 0.5277081220872629
9, Q, 0.5277081220872629
q, 9, 0.5700702482524518
9, q, 0.5700702482524518
R, 9, 0.5789110323458054
9, R, 0.5789110323458054
r, 9, 0.2844170770000693
9, r, 0.2844170770000693
S, 9, 0.6224049980189951
9, S, 0.6224049980189951
s, 9, 0.5041794874536984
9, s, 0.5041794874536984
T, 9, 0.33740832064407805
9, T, 0.33740832064407805
t, 9, 0.44190981682418595
9, t, 0.44190981682418595
U, 9, 0.5659942721552145
9, U, 0.5659942721552145
u, 9, 0.5177843234406493
9, u, 0.5177843234406493
V, 9, 0.61965929205345
9, V, 0.61965929205345
v, 9, 0.5126142915557351
9, v, 0.5126142915557351
W, 9, 0.5342756035941244
9, W, 0.5342756035941244
w, 9, 0.5071457888167534
9, w, 0.5071457888167534
X, 9, 0.4575512973407902
9, X, 0.4575512973407902
x, 9, 0.4147605106806462
9, x, 0.4147605106806462
Y, 9, 0.48056350113067975
9, Y, 0.48056350113067975
y, 9, 0.5236792883307976
9, y, 0.5236792883307976
Z, 9, 0.47550577431294483
9, Z, 0.47550577431294483
z, 9, 0.34081436705022833
9, z, 0.34081436705022833
a, A, 0.6373605905041542
A, a, 0.6373605905041542
B, A, 0.5285044001322708
A, B, 0.5285044001322708
b, A, 0.44015634813617255
A, b, 0.44015634813617255
C, A, 0.41152915162636966
A, C, 0.41152915162636966
c, A, 0.4637969746895904
A, c, 0.4637969746895904
D, A, 0.3697570885560953
A, D, 0.3697570885560953
d, A, 0.5022582095279516
A, d, 0.5022582095279516
E, A, 0.38439481167266487
A, E, 0.38439481167266487
e, A, 0.5039160832486712
A, e, 0.5039160832486712
F, A, 0.38453855460469594
A, F, 0.38453855460469594
f, A, 0.4473917953104916
A, f, 0.4473917953104916
G, A, 0.4883097875597343
A, G, 0.4883097875597343
g, A, 0.6066705277617691
A, g, 0.6066705277617691
H, A, 0.37320668671224844
A, H, 0.37320668671224844
h, A, 0.4926298235263364
A, h, 0.4926298235263364
I, A, 0.2591378343358041
A, I, 0.2591378343358041
i, A, 0.44406695436507737
A, i, 0.44406695436507737
J, A, 0.3275280851117026
A, J, 0.3275280851117026
j, A, 0.2702262180089655
A, j, 0.2702262180089655
K, A, 0.5903816098677201
A, K, 0.5903816098677201
k, A, 0.5210878376624567
A, k, 0.5210878376624567
L, A, 0.3068595393247051
A, L, 0.3068595393247051
l, A, 0.26234996443370767
A, l, 0.26234996443370767
M, A, 0.5133673288207427
A, M, 0.5133673288207427
m, A, 0.4460626213852154
A, m, 0.4460626213852154
N, A, 0.5827744716219762
A, N, 0.5827744716219762
n, A, 0.48794176707114734
A, n, 0.48794176707114734
O, A, 0.45757773178183403
A, O, 0.45757773178183403
o, A, 0.4320591918206385
A, o, 0.4320591918206385
P, A, 0.5842818955443956
A, P, 0.5842818955443956
p, A, 0.5029108981015048
A, p, 0.5029108981015048
Q, A, 0.32874298353101367
A, Q, 0.32874298353101367
q, A, 0.5299583105311123
A, q, 0.5299583105311123
R, A, 0.6435472699773742
A, R, 0.6435472699773742
r, A, 0.3485351524941764
A, r, 0.3485351524941764
S, A, 0.45363015565741777
A, S, 0.45363015565741777
s, A, 0.569336146519339
A, s, 0.569336146519339
T, A, 0.29659838086490625
A, T, 0.29659838086490625
t, A, 0.4225757893749418
A, t, 0.4225757893749418
U, A, 0.2791087552443156
A, U, 0.2791087552443156
u, A, 0.4069881376494347
A, u, 0.4069881376494347
V, A, 0.35234104867778904
A, V, 0.35234104867778904
v, A, 0.3000032942829666
A, v, 0.3000032942829666
W, A, 0.4822325396903866
A, W, 0.4822325396903866
w, A, 0.41934796738336744
A, w, 0.41934796738336744
X, A, 0.5997271594954909
A, X, 0.5997271594954909
x, A, 0.5114363770824638
A, x, 0.5114363770824638
Y, A, 0.300545021317768
A, Y, 0.300545021317768
y, A, 0.37486636633606857
A, y, 0.37486636633606857
Z, A, 0.4586378490256493
A, Z, 0.4586378490256493
z, A, 0.49910986565386495
A, z, 0.49910986565386495
B, a, 0.6281908481851203
a, B, 0.6281908481851203
b, a, 0.6010923834670882
a, b, 0.6010923834670882
C, a, 0.31298269033557413
a, C, 0.31298269033557413
c, a, 0.45560381473354417
a, c, 0.45560381473354417
D, a, 0.4429669784853567
a, D, 0.4429669784853567
d, a, 0.6548732977568082
a, d, 0.6548732977568082
E, a, 0.3924075200720766
a, E, 0.3924075200720766
e, a, 0.6691691643898573
a, e, 0.6691691643898573
F, a, 0.35970761076710145
a, F, 0.35970761076710145
f, a, 0.42251919482061256
a, f, 0.42251919482061256
G, a, 0.4981820833014862
a, G, 0.4981820833014862
g, a, 0.5827229951939711
a, g, 0.5827229951939711
H, a, 0.4083264006752363
a, H, 0.4083264006752363
h, a, 0.556031755656918
a, h, 0.556031755656918
I, a, 0.27405666622080305
a, I, 0.27405666622080305
i, a, 0.3961139605078134
a, i, 0.3961139605078134
J, a, 0.37255827748308057
a, J, 0.37255827748308057
j, a, 0.2841909281116312
a, j, 0.2841909281116312
K, a, 0.5659256625424384
a, K, 0.5659256625424384
k, a, 0.5729247843727494
a, k, 0.5729247843727494
L, a, 0.31476980707830987
a, L, 0.31476980707830987
l, a, 0.2680071186090452
a, l, 0.2680071186090452
M, a, 0.47561763700798476
a, M, 0.47561763700798476
m, a, 0.48757814610414585
a, m, 0.48757814610414585
N, a, 0.5783487360020058
a, N, 0.5783487360020058
n, a, 0.6046222080925628
a, n, 0.6046222080925628
O, a, 0.44493657134826115
a, O, 0.44493657134826115
o, a, 0.6112105061995192
a, o, 0.6112105061995192
P, a, 0.6071141819920205
a, P, 0.6071141819920205
p, a, 0.6094003544937058
a, p, 0.6094003544937058
Q, a, 0.3542450532515051
a, Q, 0.3542450532515051
q, a, 0.593614675863604
a, q, 0.593614675863604
R, a, 0.636274091859064
a, R, 0.636274091859064
r, a, 0.41213812095245395
a, r, 0.41213812095245395
S, a, 0.46310124568434646
a, S, 0.46310124568434646
s, a, 0.6555912129027729
a, s, 0.6555912129027729
T, a, 0.3295990140498191
a, T, 0.3295990140498191
t, a, 0.4727375673589083
a, t, 0.4727375673589083
U, a, 0.4590594580695455
a, U, 0.4590594580695455
u, a, 0.605702297009789
a, u, 0.605702297009789
V, a, 0.43482397752036717
a, V, 0.43482397752036717
v, a, 0.4449526864703211
a, v, 0.4449526864703211
W, a, 0.4931316425751341
a, W, 0.4931316425751341
w, a, 0.5613799784669832
a, w, 0.5613799784669832
X, a, 0.5707286321776333
a, X, 0.5707286321776333
x, a, 0.5948500440373913
a, x, 0.5948500440373913
Y, a, 0.3631779024128256
a, Y, 0.3631779024128256
y, a, 0.3925812875149963
a, y, 0.3925812875149963
Z, a, 0.4788503657572084
a, Z, 0.4788503657572084
z, a, 0.6135031426698702
a, z, 0.6135031426698702
b, B, 0.6412537123862493
B, b, 0.6412537123862493
C, B, 0.4780542185197087
B, C, 0.4780542185197087
c, B, 0.40420534920347684
B, c, 0.40420534920347684
D, B, 0.7851721772832722
B, D, 0.7851721772832722
d, B, 0.5709045840864673
B, d, 0.5709045840864673
E, B, 0.7741112725819036
B, E, 0.7741112725819036
e, B, 0.6010923834670882
B, e, 0.6010923834670882
F, B, 0.623098585275575
B, F, 0.623098585275575
f, B, 0.4839259231792116
B, f, 0.4839259231792116
G, B, 0.6868493716601654
B, G, 0.6868493716601654
g, B, 0.7059188642913466
B, g, 0.7059188642913466
H, B, 0.6776319488056768
B, H, 0.6776319488056768
h, B, 0.608308940604964
B, h, 0.608308940604964
I, B, 0.41871823863234287
B, I, 0.41871823863234287
i, B, 0.3309932190414244
B, i, 0.3309932190414244
J, B, 0.5451008497880435
B, J, 0.5451008497880435
j, B, 0.46337482331582236
B, j, 0.46337482331582236
K, B, 0.6118922774423602
B, K, 0.6118922774423602
k, B, 0.6232492903979004
B, k, 0.6232492903979004
L, B, 0.47528199529767734
B, L, 0.47528199529767734
l, B, 0.3179775568700665
B, l, 0.3179775568700665
M, B, 0.5509564614331631
B, M, 0.5509564614331631
m, B, 0.4811332415135682
B, m, 0.4811332415135682
N, B, 0.6850342263927263
B, N, 0.6850342263927263
n, B, 0.5943766497243832
B, n, 0.5943766497243832
O, B, 0.6729319388363616
B, O, 0.6729319388363616
o, B, 0.5434815561019236
B, o, 0.5434815561019236
P, B, 0.6788745040964803
B, P, 0.6788745040964803
p, B, 0.6661114736891619
B, p, 0.6661114736891619
Q, B, 0.5432545046520556
B, Q, 0.5432545046520556
q, B, 0.5581545056288807
B, q, 0.5581545056288807
R, B, 0.7576664031825218
B, R, 0.7576664031825218
r, B, 0.41408219855114825
B, r, 0.41408219855114825
S, B, 0.6625145124052867
B, S, 0.6625145124052867
s, B, 0.5774590241319985
B, s, 0.5774590241319985
T, B, 0.46424100713249916
B, T, 0.46424100713249916
t, B, 0.48337020399666397
B, t, 0.48337020399666397
U, B, 0.6584899240985492
B, U, 0.6584899240985492
u, B, 0.5986705326957282
B, u, 0.5986705326957282
V, B, 0.5578243691767207
B, V, 0.5578243691767207
v, B, 0.3912925143712851
B, v, 0.3912925143712851
W, B, 0.5546004577084819
B, W, 0.5546004577084819
w, B, 0.47872283421846373
B, w, 0.47872283421846373
X, B, 0.5073811476092249
B, X, 0.5073811476092249
x, B, 0.4416244906098475
B, x, 0.4416244906098475
Y, B, 0.4058031289916132
B, Y, 0.4058031289916132
y, B, 0.4651713017402103
B, y, 0.4651713017402103
Z, B, 0.5303518989204715
B, Z, 0.5303518989204715
z, B, 0.39083966825409866
B, z, 0.39083966825409866
C, b, 0.38579111909244257
b, C, 0.38579111909244257
c, b, 0.5547678896938192
b, c, 0.5547678896938192
D, b, 0.6053786870887478
b, D, 0.6053786870887478
d, b, 0.6433277176356913
b, d, 0.6433277176356913
E, b, 0.4977909347535934
b, E, 0.4977909347535934
e, b, 0.6480746891700099
b, e, 0.6480746891700099
F, b, 0.4049827762286359
b, F, 0.4049827762286359
f, b, 0.3969427763580889
b, f, 0.3969427763580889
G, b, 0.52680903890877
b, G, 0.52680903890877
g, b, 0.5966312396165642
b, g, 0.5966312396165642
H, b, 0.5857380272609692
b, H, 0.5857380272609692
h, b, 0.730378468587643
b, h, 0.730378468587643
I, b, 0.3465238780333137
b, I, 0.3465238780333137
i, b, 0.4007546295534991
b, i, 0.4007546295534991
J, b, 0.27317586281258277
b, J, 0.27317586281258277
j, b, 0.2878860216749646
b, j, 0.2878860216749646
K, b, 0.5202962134964658
b, K, 0.5202962134964658
k, b, 0.5983556213504301
b, k, 0.5983556213504301
L, b, 0.5348977244009898
b, L, 0.5348977244009898
l, b, 0.4318297454074511
b, l, 0.4318297454074511
M, b, 0.49369035615285534
b, M, 0.49369035615285534
m, b, 0.5244666610599695
b, m, 0.5244666610599695
N, b, 0.5914424186918257
b, N, 0.5914424186918257
n, b, 0.6283409973222784
b, n, 0.6283409973222784
O, b, 0.5863089611881136
b, O, 0.5863089611881136
o, b, 0.698240710324332
b, o, 0.698240710324332
P, b, 0.631672835919234
b, P, 0.631672835919234
p, b, 0.736136277567863
b, p, 0.736136277567863
Q, b, 0.4797218282501878
b, Q, 0.4797218282501878
q, b, 0.5909010337489519
b, q, 0.5909010337489519
R, b, 0.5027544872749703
b, R, 0.5027544872749703
r, b, 0.46102637748941266
b, r, 0.46102637748941266
S, b, 0.4963943775738409
b, S, 0.4963943775738409
s, b, 0.519701741486371
b, s, 0.519701741486371
T, b, 0.3849042706957981
b, T, 0.3849042706957981
t, b, 0.599996830764189
b, t, 0.599996830764189
U, b, 0.6565304054962877
b, U, 0.6565304054962877
u, b, 0.6247488432364889
b, u, 0.6247488432364889
V, b, 0.5404915302713514
b, V, 0.5404915302713514
v, b, 0.4326579815556815
b, v, 0.4326579815556815
W, b, 0.5169497182880819
b, W, 0.5169497182880819
w, b, 0.5110719545619947
b, w, 0.5110719545619947
X, b, 0.4314354062709781
b, X, 0.4314354062709781
x, b, 0.40607818212901997
b, x, 0.40607818212901997
Y, b, 0.3300248920362453
b, Y, 0.3300248920362453
y, b, 0.370945144214455
b, y, 0.370945144214455
Z, b, 0.3695318228528927
b, Z, 0.3695318228528927
z, b, 0.3808835986684839
b, z, 0.3808835986684839
c, C, 0.5397680638575516
C, c, 0.5397680638575516
D, C, 0.5222906687085533
C, D, 0.5222906687085533
d, C, 0.4470342595800449
C, d, 0.4470342595800449
E, C, 0.5959286732764643
C, E, 0.5959286732764643
e, C, 0.390922045811611
C, e, 0.390922045811611
F, C, 0.36003765386559655
C, F, 0.36003765386559655
f, C, 0.42850600033764136
C, f, 0.42850600033764136
G, C, 0.6858966080478629
C, G, 0.6858966080478629
g, C, 0.5700907852529206
C, g, 0.5700907852529206
H, C, 0.3358322048348891
C, H, 0.3358322048348891
h, C, 0.3183306753724982
C, h, 0.3183306753724982
I, C, 0.4362667955342829
C, I, 0.4362667955342829
i, C, 0.3673740170064338
C, i, 0.3673740170064338
J, C, 0.3142278048963105
C, J, 0.3142278048963105
j, C, 0.23908307081993888
C, j, 0.23908307081993888
K, C, 0.48264620224111376
C, K, 0.48264620224111376
k, C, 0.39088697637706343
C, k, 0.39088697637706343
L, C, 0.5131189079911813
C, L, 0.5131189079911813
l, C, 0.3343371776750187
C, l, 0.3343371776750187
M, C, 0.3309932190414244
C, M, 0.3309932190414244
m, C, 0.3679088259044388
C, m, 0.3679088259044388
N, C, 0.44015634813617255
C, N, 0.44015634813617255
n, C, 0.3432863758007439
C, n, 0.3432863758007439
O, C, 0.6382380199923032
C, O, 0.6382380199923032
o, C, 0.3809483263184624
C, o, 0.3809483263184624
P, C, 0.3023054576142238
C, P, 0.3023054576142238
p, C, 0.3734086233580168
C, p, 0.3734086233580168
Q, C, 0.507138151023319
C, Q, 0.507138151023319
q, C, 0.433844425686886
C, q, 0.433844425686886
R, C, 0.4000689074541594
C, R, 0.4000689074541594
r, C, 0.4191293077419757
C, r, 0.4191293077419757
S, C, 0.45693610518817773
C, S, 0.45693610518817773
s, C, 0.35459491874673577
C, s, 0.35459491874673577
T, C, 0.3926597675566049
C, T, 0.3926597675566049
t, C, 0.48267824811938376
C, t, 0.48267824811938376
U, C, 0.5361842120598748
C, U, 0.5361842120598748
u, C, 0.38104864980777087
C, u, 0.38104864980777087
V, C, 0.3857503456625128
C, V, 0.3857503456625128
v, C, 0.2809799621485812
C, v, 0.2809799621485812
W, C, 0.4148656849990886
C, W, 0.4148656849990886
w, C, 0.36157393613123673
C, w, 0.36157393613123673
X, C, 0.39895117206689984
C, X, 0.39895117206689984
x, C, 0.265834245352861
C, x, 0.265834245352861
Y, C, 0.2966444483338405
C, Y, 0.2966444483338405
y, C, 0.24285713034087314
C, y, 0.24285713034087314
Z, C, 0.4429071541885608
C, Z, 0.4429071541885608
z, C, 0.2880474004195761
C, z, 0.2880474004195761
D, c, 0.4109049858364052
c, D, 0.4109049858364052
d, c, 0.6482447268634817
c, d, 0.6482447268634817
E, c, 0.4378782336366192
c, E, 0.4378782336366192
e, c, 0.6303719028988158
c, e, 0.6303719028988158
F, c, 0.36766332841927385
c, F, 0.36766332841927385
f, c, 0.362190644697603
c, f, 0.362190644697603
G, c, 0.4592710237724502
c, G, 0.4592710237724502
g, c, 0.4572653754319508
c, g, 0.4572653754319508
H, c, 0.23603749008416985
c, H, 0.23603749008416985
h, c, 0.41257305997120186
c, h, 0.41257305997120186
I, c, 0.3496353290974826
c, I, 0.3496353290974826
i, c, 0.34119672522504124
c, i, 0.34119672522504124
J, c, 0.22895260956687075
c, J, 0.22895260956687075
j, c, 0.12615695474761796
c, j, 0.12615695474761796
K, c, 0.5070075096464118
c, K, 0.5070075096464118
k, c, 0.4647920672559445
c, k, 0.4647920672559445
L, c, 0.45527476337011163
c, L, 0.45527476337011163
l, c, 0.2967791185103228
c, l, 0.2967791185103228
M, c, 0.312347003792776
c, M, 0.312347003792776
m, c, 0.3897092920424846
c, m, 0.3897092920424846
N, c, 0.43099430902662267
c, N, 0.43099430902662267
n, c, 0.5348031020898126
c, n, 0.5348031020898126
O, c, 0.42244517132414755
c, O, 0.42244517132414755
o, c, 0.603613819396584
c, o, 0.603613819396584
P, c, 0.4352801498190657
c, P, 0.4352801498190657
p, c, 0.49794109865723585
c, p, 0.49794109865723585
Q, c, 0.2798917630273906
c, Q, 0.2798917630273906
q, c, 0.5053452107268365
c, q, 0.5053452107268365
R, c, 0.4591418333949062
c, R, 0.4591418333949062
r, c, 0.4363982604912133
c, r, 0.4363982604912133
S, c, 0.4100045200734182
c, S, 0.4100045200734182
s, c, 0.5410021460542959
c, s, 0.5410021460542959
T, c, 0.4301246920434389
c, T, 0.4301246920434389
t, c, 0.5971064176228651
c, t, 0.5971064176228651
U, c, 0.3777650682678547
c, U, 0.3777650682678547
u, c, 0.5357955183842857
c, u, 0.5357955183842857
V, c, 0.3949592524142708
c, V, 0.3949592524142708
v, c, 0.3777041556094221
c, v, 0.3777041556094221
W, c, 0.32237442760997614
c, W, 0.32237442760997614
w, c, 0.33923434833421046
c, w, 0.33923434833421046
X, c, 0.4273566058201068
c, X, 0.4273566058201068
x, c, 0.5073452373255357
c, x, 0.5073452373255357
Y, c, 0.33925039972599996
c, Y, 0.33925039972599996
y, c, 0.291539571833777
c, y, 0.291539571833777
Z, c, 0.38227720644573615
c, Z, 0.38227720644573615
z, c, 0.5441980921074694
c, z, 0.5441980921074694
d, D, 0.4900536039224879
D, d, 0.4900536039224879
E, D, 0.553391360865016
D, E, 0.553391360865016
e, D, 0.5237395869534737
D, e, 0.5237395869534737
F, D, 0.4593750290355082
D, F, 0.4593750290355082
f, D, 0.35171071526006886
D, f, 0.35171071526006886
G, D, 0.6257626417771468
D, G, 0.6257626417771468
g, D, 0.5495039487538602
D, g, 0.5495039487538602
H, D, 0.6047000874941708
D, H, 0.6047000874941708
h, D, 0.5358437224447052
D, h, 0.5358437224447052
I, D, 0.4541459580049011
D, I, 0.4541459580049011
i, D, 0.2909296687596554
D, i, 0.2909296687596554
J, D, 0.47559243173111637
D, J, 0.47559243173111637
j, D, 0.4096577553530187
D, j, 0.4096577553530187
K, D, 0.417550314331504
D, K, 0.417550314331504
k, D, 0.4424459292544056
D, k, 0.4424459292544056
L, D, 0.43702497196260637
D, L, 0.43702497196260637
l, D, 0.3479243834233935
D, l, 0.3479243834233935
M, D, 0.5129059883219445
D, M, 0.5129059883219445
m, D, 0.5152431803219373
D, m, 0.5152431803219373
N, D, 0.6135651537332871
D, N, 0.6135651537332871
n, D, 0.5249818703681018
D, n, 0.5249818703681018
O, D, 0.7429602717790307
D, O, 0.7429602717790307
o, D, 0.6357529704872569
D, o, 0.6357529704872569
P, D, 0.5427459901119804
D, P, 0.5427459901119804
p, D, 0.6092184352287499
D, p, 0.6092184352287499
Q, D, 0.6515031714656007
D, Q, 0.6515031714656007
q, D, 0.5400467704173515
D, q, 0.5400467704173515
R, D, 0.4988940664617322
D, R, 0.4988940664617322
r, D, 0.4115405388501756
D, r, 0.4115405388501756
S, D, 0.48070308518278465
D, S, 0.48070308518278465
s, D, 0.3670027784575002
D, s, 0.3670027784575002
T, D, 0.4280253792818718
D, T, 0.4280253792818718
t, D, 0.3620798121137736
D, t, 0.3620798121137736
U, D, 0.777731844767366
D, U, 0.777731844767366
u, D, 0.5467733564973578
D, u, 0.5467733564973578
V, D, 0.544399693455284
D, V, 0.544399693455284
v, D, 0.36502316247158767
D, v, 0.36502316247158767
W, D, 0.5779073496848138
D, W, 0.5779073496848138
w, D, 0.4780030712295321
D, w, 0.4780030712295321
X, D, 0.350177438961909
D, X, 0.350177438961909
x, D, 0.22948785623634876
D, x, 0.22948785623634876
Y, D, 0.28252665036885793
D, Y, 0.28252665036885793
y, D, 0.35324071761617404
D, y, 0.35324071761617404
Z, D, 0.415011613487553
D, Z, 0.415011613487553
z, D, 0.18294540318746935
D, z, 0.18294540318746935
E, d, 0.40596557929310345
d, E, 0.40596557929310345
e, d, 0.6435858139740184
d, e, 0.6435858139740184
F, d, 0.3685067359178926
d, F, 0.3685067359178926
f, d, 0.4065189440591971
d, f, 0.4065189440591971
G, d, 0.5209230897573969
d, G, 0.5209230897573969
g, d, 0.5768098727395928
d, g, 0.5768098727395928
H, d, 0.5515097759508988
d, H, 0.5515097759508988
h, d, 0.5721222779203878
d, h, 0.5721222779203878
I, d, 0.3140924685032231
d, I, 0.3140924685032231
i, d, 0.46592747831285847
d, i, 0.46592747831285847
J, d, 0.4970564336159122
d, J, 0.4970564336159122
j, d, 0.4266094422216383
d, j, 0.4266094422216383
K, d, 0.4897385181089278
d, K, 0.4897385181089278
k, d, 0.45721748539517576
d, k, 0.45721748539517576
L, d, 0.31850837663771175
d, L, 0.31850837663771175
l, d, 0.39661795443374237
d, l, 0.39661795443374237
M, d, 0.44736571181891294
d, M, 0.44736571181891294
m, d, 0.45956624030481846
d, m, 0.45956624030481846
N, d, 0.5622610491762947
d, N, 0.5622610491762947
n, d, 0.693047715083371
d, n, 0.693047715083371
O, d, 0.5014806005791071
d, O, 0.5014806005791071
o, d, 0.7234771951269009
d, o, 0.7234771951269009
P, d, 0.5717125516917013
d, P, 0.5717125516917013
p, d, 0.6413730500930666
d, p, 0.6413730500930666
Q, d, 0.45347515336591177
d, Q, 0.45347515336591177
q, d, 0.6960698634626483
d, q, 0.6960698634626483
R, d, 0.5544944888031601
d, R, 0.5544944888031601
r, d, 0.3979400086720376
d, r, 0.3979400086720376
S, d, 0.40531003129143856
d, S, 0.40531003129143856
s, d, 0.5359879139404838
d, s, 0.5359879139404838
T, d, 0.38501362345525864
d, T, 0.38501362345525864
t, d, 0.4626748424060748
d, t, 0.4626748424060748
U, d, 0.6069124941223745
d, U, 0.6069124941223745
u, d, 0.7222573484616486
d, u, 0.7222573484616486
V, d, 0.5201444582930852
d, V, 0.5201444582930852
v, d, 0.47996766181569683
d, v, 0.47996766181569683
W, d, 0.4706798037607124
d, W, 0.4706798037607124
w, d, 0.4492759712412183
d, w, 0.4492759712412183
X, d, 0.42680409958832427
d, X, 0.42680409958832427
x, d, 0.42672732544664693
d, x, 0.42672732544664693
Y, d, 0.3776842632513702
d, Y, 0.3776842632513702
y, d, 0.39549602652221355
d, y, 0.39549602652221355
Z, d, 0.3726954512419084
d, Z, 0.3726954512419084
z, d, 0.41140261299099995
d, z, 0.41140261299099995
e, E, 0.40404832992808937
E, e, 0.40404832992808937
F, E, 0.8604913140322209
E, F, 0.8604913140322209
f, E, 0.5624699510639283
E, f, 0.5624699510639283
G, E, 0.5618349893672483
E, G, 0.5618349893672483
g, E, 0.5368894597231522
E, g, 0.5368894597231522
H, E, 0.5545387349080672
E, H, 0.5545387349080672
h, E, 0.5345855048135879
E, h, 0.5345855048135879
I, E, 0.6383209583739986
E, I, 0.6383209583739986
i, E, 0.4426332377607461
E, i, 0.4426332377607461
J, E, 0.48083930723727936
E, J, 0.48083930723727936
j, E, 0.2895248332586564
E, j, 0.2895248332586564
K, E, 0.5806308433084789
E, K, 0.5806308433084789
k, E, 0.5786432878696767
E, k, 0.5786432878696767
L, E, 0.7276426042319675
E, L, 0.7276426042319675
l, E, 0.5293402063883105
E, l, 0.5293402063883105
M, E, 0.3146932789857261
E, M, 0.3146932789857261
m, E, 0.26141939951392246
E, m, 0.26141939951392246
N, E, 0.46811392276274144
E, N, 0.46811392276274144
n, E, 0.48493095634812633
E, n, 0.48493095634812633
O, E, 0.47016257031982156
E, O, 0.47016257031982156
o, E, 0.28643503042200713
E, o, 0.28643503042200713
P, E, 0.5943101373448137
E, P, 0.5943101373448137
p, E, 0.4341282195905993
E, p, 0.4341282195905993
Q, E, 0.3364597338485295
E, Q, 0.3364597338485295
q, E, 0.3539231796876638
E, q, 0.3539231796876638
R, E, 0.6651348877177661
E, R, 0.6651348877177661
r, E, 0.44043823829295337
E, r, 0.44043823829295337
S, E, 0.5854108134712176
E, S, 0.5854108134712176
s, E, 0.5084009219117147
E, s, 0.5084009219117147
T, E, 0.6435491970959643
E, T, 0.6435491970959643
t, E, 0.5873952292857003
E, t, 0.5873952292857003
U, E, 0.4890575038501529
E, U, 0.4890575038501529
u, E, 0.41111196028720975
E, u, 0.41111196028720975
V, E, 0.3859752166423943
E, V, 0.3859752166423943
v, E, 0.27095752955375135
E, v, 0.27095752955375135
W, E, 0.34103515733556505
E, W, 0.34103515733556505
w, E, 0.26745110730097466
E, w, 0.26745110730097466
X, E, 0.3939686402102071
E, X, 0.3939686402102071
x, E, 0.3346079308230649
E, x, 0.3346079308230649
Y, E, 0.27357308844904865
E, Y, 0.27357308844904865
y, E, 0.30977866955827515
E, y, 0.30977866955827515
Z, E, 0.5116160205691377
E, Z, 0.5116160205691377
z, E, 0.3552381112220137
E, z, 0.3552381112220137
F, e, 0.36692839738197125
e, F, 0.36692839738197125
f, e, 0.4239789128540833
e, f, 0.4239789128540833
G, e, 0.5223244446538425
e, G, 0.5223244446538425
g, e, 0.568526827985061
e, g, 0.568526827985061
H, e, 0.42295010495389956
e, H, 0.42295010495389956
h, e, 0.47587328121176686
e, h, 0.47587328121176686
I, e, 0.2198496920849035
e, I, 0.2198496920849035
i, e, 0.25388498161666484
e, i, 0.25388498161666484
J, e, 0.26771873712932565
e, J, 0.26771873712932565
j, e, 0.20311246826228663
e, j, 0.20311246826228663
K, e, 0.5085483187049841
e, K, 0.5085483187049841
k, e, 0.5343041435060305
e, k, 0.5343041435060305
L, e, 0.3445562436116369
e, L, 0.3445562436116369
l, e, 0.18669069029956686
e, l, 0.18669069029956686
M, e, 0.4931154942499648
e, M, 0.4931154942499648
m, e, 0.5394601021099221
e, m, 0.5394601021099221
N, e, 0.5594464692860379
e, N, 0.5594464692860379
n, e, 0.5454098409332968
e, n, 0.5454098409332968
O, e, 0.5288455935523547
e, O, 0.5288455935523547
o, e, 0.7044133367824036
e, o, 0.7044133367824036
P, e, 0.5591449481017969
e, P, 0.5591449481017969
p, e, 0.5783960731301689
e, p, 0.5783960731301689
Q, e, 0.3888314969197064
e, Q, 0.3888314969197064
q, e, 0.6022159598991855
e, q, 0.6022159598991855
R, e, 0.542912650593048
e, R, 0.542912650593048
r, e, 0.44735217282149303
e, r, 0.44735217282149303
S, e, 0.39324488746365777
e, S, 0.39324488746365777
s, e, 0.5786605374529075
e, s, 0.5786605374529075
T, e, 0.3525198342307691
e, T, 0.3525198342307691
t, e, 0.48314600571492927
e, t, 0.48314600571492927
U, e, 0.45819391118960234
e, U, 0.45819391118960234
u, e, 0.5596791499256714
e, u, 0.5596791499256714
V, e, 0.4943852870376696
e, V, 0.4943852870376696
v, e, 0.48927014429925747
e, v, 0.48927014429925747
W, e, 0.4976688181990205
e, W, 0.4976688181990205
w, e, 0.5282737771670437
e, w, 0.5282737771670437
X, e, 0.4250768260255997
e, X, 0.4250768260255997
x, e, 0.4807466164017247
e, x, 0.4807466164017247
Y, e, 0.4520529684990573
e, Y, 0.4520529684990573
y, e, 0.4115128158613115
e, y, 0.4115128158613115
Z, e, 0.4067981516217621
e, Z, 0.4067981516217621
z, e, 0.508856125019363
e, z, 0.508856125019363
f, F, 0.5960323568943724
F, f, 0.5960323568943724
G, F, 0.4153253240669987
F, G, 0.4153253240669987
g, F, 0.4128374361314944
F, g, 0.4128374361314944
H, F, 0.5997072452139286
F, H, 0.5997072452139286
h, F, 0.503914431307599
F, h, 0.503914431307599
I, F, 0.47984411305513575
F, I, 0.47984411305513575
i, F, 0.31586758563840917
F, i, 0.31586758563840917
J, F, 0.36121720164729776
F, J, 0.36121720164729776
j, F, 0.23998132365553415
F, j, 0.23998132365553415
K, F, 0.4464903994168829
F, K, 0.4464903994168829
k, F, 0.43805723188002
F, k, 0.43805723188002
L, F, 0.44624468824659264
F, L, 0.44624468824659264
l, F, 0.46924130614420695
F, l, 0.46924130614420695
M, F, 0.3979400086720376
F, M, 0.3979400086720376
m, F, 0.3496036715196063
F, m, 0.3496036715196063
N, F, 0.43102410671130703
F, N, 0.43102410671130703
n, F, 0.5847125906811073
F, n, 0.5847125906811073
O, F, 0.3783270978370546
F, O, 0.3783270978370546
o, F, 0.3755999390862162
F, o, 0.3755999390862162
P, F, 0.7450514743834852
F, P, 0.7450514743834852
p, F, 0.5149288431663789
F, p, 0.5149288431663789
Q, F, 0.23612821065308306
F, Q, 0.23612821065308306
q, F, 0.3119931036113807
F, q, 0.3119931036113807
R, F, 0.6085421188558827
F, R, 0.6085421188558827
r, F, 0.5115977348706485
F, r, 0.5115977348706485
S, F, 0.40170015754534444
F, S, 0.40170015754534444
s, F, 0.472904770318499
F, s, 0.472904770318499
T, F, 0.6527121744551375
F, T, 0.6527121744551375
t, F, 0.38755797287831584
F, t, 0.38755797287831584
U, F, 0.31444666606138694
F, U, 0.31444666606138694
u, F, 0.35172560646279627
F, u, 0.35172560646279627
V, F, 0.2587014747201137
F, V, 0.2587014747201137
v, F, 0.2693830172744243
F, v, 0.2693830172744243
W, F, 0.3083095004746853
F, W, 0.3083095004746853
w, F, 0.29853960952340275
F, w, 0.29853960952340275
X, F, 0.2907300390241692
F, X, 0.2907300390241692
x, F, 0.34425514970926124
F, x, 0.34425514970926124
Y, F, 0.2694365914607043
F, Y, 0.2694365914607043
y, F, 0.2888684380271497
F, y, 0.2888684380271497
Z, F, 0.3226579206839963
F, Z, 0.3226579206839963
z, F, 0.35092186560961847
F, z, 0.35092186560961847
G, f, 0.4753629750633237
f, G, 0.4753629750633237
g, f, 0.5156230601147562
f, g, 0.5156230601147562
H, f, 0.4017857787400693
f, H, 0.4017857787400693
h, f, 0.3830222190454345
f, h, 0.3830222190454345
I, f, 0.40036624113816355
f, I, 0.40036624113816355
i, f, 0.3912066260130692
f, i, 0.3912066260130692
J, f, 0.30926889145441355
f, J, 0.30926889145441355
j, f, 0.32825964915489175
f, j, 0.32825964915489175
K, f, 0.43766553446279965
f, K, 0.43766553446279965
k, f, 0.37497871477792905
f, k, 0.37497871477792905
L, f, 0.36372590814093597
f, L, 0.36372590814093597
l, f, 0.3741007908578801
f, l, 0.3741007908578801
M, f, 0.4061776641508834
f, M, 0.4061776641508834
m, f, 0.34598588774439437
f, m, 0.34598588774439437
N, f, 0.40077545605781656
f, N, 0.40077545605781656
n, f, 0.41974187568854
f, n, 0.41974187568854
O, f, 0.42152740594955496
f, O, 0.42152740594955496
o, f, 0.37807711219892015
f, o, 0.37807711219892015
P, f, 0.5248306338778597
f, P, 0.5248306338778597
p, f, 0.5143772655951777
f, p, 0.5143772655951777
Q, f, 0.32556446733002614
f, Q, 0.32556446733002614
q, f, 0.35284724164900194
f, q, 0.35284724164900194
R, f, 0.5064193003259252
f, R, 0.5064193003259252
r, f, 0.4252140935386996
f, r, 0.4252140935386996
S, f, 0.4000482384523694
f, S, 0.4000482384523694
s, f, 0.44881351120496876
f, s, 0.44881351120496876
T, f, 0.5429587347256851
f, T, 0.5429587347256851
t, f, 0.5335860853213009
f, t, 0.5335860853213009
U, f, 0.2728457503138561
f, U, 0.2728457503138561
u, f, 0.27507428068660295
f, u, 0.27507428068660295
V, f, 0.34309134066469255
f, V, 0.34309134066469255
v, f, 0.335062447534793
f, v, 0.335062447534793
W, f, 0.3414586527195894
f, W, 0.3414586527195894
w, f, 0.3839376602845655
f, w, 0.3839376602845655
X, f, 0.35407487178906744
f, X, 0.35407487178906744
x, f, 0.40205657486686974
f, x, 0.40205657486686974
Y, f, 0.4713415850592502
f, Y, 0.4713415850592502
y, f, 0.4023441594705921
f, y, 0.4023441594705921
Z, f, 0.36950330525606695
f, Z, 0.36950330525606695
z, f, 0.3613258975512323
f, z, 0.3613258975512323
g, G, 0.6118198286171186
G, g, 0.6118198286171186
H, G, 0.5371942958586258
G, H, 0.5371942958586258
h, G, 0.4391869818738871
G, h, 0.4391869818738871
I, G, 0.28994922477459506
G, I, 0.28994922477459506
i, G, 0.2786537746147494
G, i, 0.2786537746147494
J, G, 0.44369749923271273
G, J, 0.44369749923271273
j, G, 0.39056641080324356
G, j, 0.39056641080324356
K, G, 0.453902538490024
G, K, 0.453902538490024
k, G, 0.4055761523313383
G, k, 0.4055761523313383
L, G, 0.3581339961415811
G, L, 0.3581339961415811
l, G, 0.2741793628358794
G, l, 0.2741793628358794
M, G, 0.5255453678367837
G, M, 0.5255453678367837
m, G, 0.5213468407575901
G, m, 0.5213468407575901
N, G, 0.6112561757386435
G, N, 0.6112561757386435
n, G, 0.3795056453225973
G, n, 0.3795056453225973
O, G, 0.7056310932270993
G, O, 0.7056310932270993
o, G, 0.5594464692860379
G, o, 0.5594464692860379
P, G, 0.4640423898526427
G, P, 0.4640423898526427
p, G, 0.52419919166667
G, p, 0.52419919166667
Q, G, 0.5961106588147612
G, Q, 0.5961106588147612
q, G, 0.5890273459674616
G, q, 0.5890273459674616
R, G, 0.488836373920458
G, R, 0.488836373920458
r, G, 0.305112700061447
G, r, 0.305112700061447
S, G, 0.633304320300763
G, S, 0.633304320300763
s, G, 0.4717618894434065
G, s, 0.4717618894434065
T, G, 0.2662269008263892
G, T, 0.2662269008263892
t, G, 0.4559319556497244
G, t, 0.4559319556497244
U, G, 0.6374236135862468
G, U, 0.6374236135862468
u, G, 0.4888466685793127
G, u, 0.4888466685793127
V, G, 0.48140850061089585
G, V, 0.48140850061089585
v, G, 0.41166126723240426
G, v, 0.41166126723240426
W, G, 0.564823265940895
G, W, 0.564823265940895
w, G, 0.46690208953797635
G, w, 0.46690208953797635
X, G, 0.3921104650113138
G, X, 0.3921104650113138
x, G, 0.32180913149055296
G, x, 0.32180913149055296
Y, G, 0.32820330913498874
G, Y, 0.32820330913498874
y, G, 0.3484546455921193
G, y, 0.3484546455921193
Z, G, 0.4040668908244514
G, Z, 0.4040668908244514
z, G, 0.2608500856080401
G, z, 0.2608500856080401
H, g, 0.5838762023977495
g, H, 0.5838762023977495
h, g, 0.4822914881857527
g, h, 0.4822914881857527
I, g, 0.3630203495426402
g, I, 0.3630203495426402
i, g, 0.3334451351203356
g, i, 0.3334451351203356
J, g, 0.3529547935271899
g, J, 0.3529547935271899
j, g, 0.37746135730724595
g, j, 0.37746135730724595
K, g, 0.6663989379481143
g, K, 0.6663989379481143
k, g, 0.619552664516935
g, k, 0.619552664516935
L, g, 0.34972580397338426
g, L, 0.34972580397338426
l, g, 0.3244598956532652
g, l, 0.3244598956532652
M, g, 0.6200999689659199
g, M, 0.6200999689659199
m, g, 0.47577321075506135
g, m, 0.47577321075506135
N, g, 0.6805119433639004
g, N, 0.6805119433639004
n, g, 0.4116279980611388
g, n, 0.4116279980611388
O, g, 0.5845549061210956
g, O, 0.5845549061210956
o, g, 0.483025771841325
g, o, 0.483025771841325
P, g, 0.5156603882751559
g, P, 0.5156603882751559
p, g, 0.5875958159341762
g, p, 0.5875958159341762
Q, g, 0.5063541109173535
g, Q, 0.5063541109173535
q, g, 0.625021285222071
g, q, 0.625021285222071
R, g, 0.6904988756539107
g, R, 0.6904988756539107
r, g, 0.35377163602536194
g, r, 0.35377163602536194
S, g, 0.5999258618152765
g, S, 0.5999258618152765
s, g, 0.4843611352321481
g, s, 0.4843611352321481
T, g, 0.37877303913255617
g, T, 0.37877303913255617
t, g, 0.48831281209465766
g, t, 0.48831281209465766
U, g, 0.5443713226320858
g, U, 0.5443713226320858
u, g, 0.5001708607354759
g, u, 0.5001708607354759
V, g, 0.5132667103477984
g, V, 0.5132667103477984
v, g, 0.4115431850429541
g, v, 0.4115431850429541
W, g, 0.6259490669932124
g, W, 0.6259490669932124
w, g, 0.4646192932237262
g, w, 0.4646192932237262
X, g, 0.6637125239134782
g, X, 0.6637125239134782
x, g, 0.46518354889971303
g, x, 0.46518354889971303
Y, g, 0.4104352243174793
g, Y, 0.4104352243174793
y, g, 0.5281662918350006
g, y, 0.5281662918350006
Z, g, 0.56221176440105
g, Z, 0.56221176440105
z, g, 0.408231828723304
g, z, 0.408231828723304
h, H, 0.6385540818643634
H, h, 0.6385540818643634
I, H, 0.27826331261225834
H, I, 0.27826331261225834
i, H, 0.31091680108206493
H, i, 0.31091680108206493
J, H, 0.2910178736631622
H, J, 0.2910178736631622
j, H, 0.3385098738604524
H, j, 0.3385098738604524
K, H, 0.509010399133144
H, K, 0.509010399133144
k, H, 0.5133334273741071
H, k, 0.5133334273741071
L, H, 0.4226024441644589
H, L, 0.4226024441644589
l, H, 0.3577177540282236
H, l, 0.3577177540282236
M, H, 0.6366749040653779
H, M, 0.6366749040653779
m, H, 0.46442698409145683
H, m, 0.46442698409145683
N, H, 0.6917556443901303
H, N, 0.6917556443901303
n, H, 0.4920984106893152
H, n, 0.4920984106893152
O, H, 0.5053644977028319
H, O, 0.5053644977028319
o, H, 0.4402001095204128
H, o, 0.4402001095204128
P, H, 0.5520099866372389
H, P, 0.5520099866372389
p, H, 0.5258801012610023
H, p, 0.5258801012610023
Q, H, 0.4081391736473187
H, Q, 0.4081391736473187
q, H, 0.5234558808893959
H, q, 0.5234558808893959
R, H, 0.5225661907638581
H, R, 0.5225661907638581
r, H, 0.42131276113022814
H, r, 0.42131276113022814
S, H, 0.4071060921651265
H, S, 0.4071060921651265
s, H, 0.30729855324321437
H, s, 0.30729855324321437
T, H, 0.3839615083361177
H, T, 0.3839615083361177
t, H, 0.2917752729388193
H, t, 0.2917752729388193
U, H, 0.7071799743808486
H, U, 0.7071799743808486
u, H, 0.5296231351368305
H, u, 0.5296231351368305
V, H, 0.3979400086720376
H, V, 0.3979400086720376
v, H, 0.3043410242699842
H, v, 0.3043410242699842
W, H, 0.5867207210243817
H, W, 0.5867207210243817
w, H, 0.4606209322973488
H, w, 0.4606209322973488
X, H, 0.4351079587845349
H, X, 0.4351079587845349
x, H, 0.29858631910903644
H, x, 0.29858631910903644
Y, H, 0.24576968978528774
H, Y, 0.24576968978528774
y, H, 0.3046266578924131
H, y, 0.3046266578924131
Z, H, 0.302241417598426
H, Z, 0.302241417598426
z, H, 0.17397789974228212
H, z, 0.17397789974228212
I, h, 0.30073565849114026
h, I, 0.30073565849114026
i, h, 0.28703369309068294
h, i, 0.28703369309068294
J, h, 0.34175504889686986
h, J, 0.34175504889686986
j, h, 0.29224531497000594
h, j, 0.29224531497000594
K, h, 0.5950935311423672
h, K, 0.5950935311423672
k, h, 0.6005777561625284
h, k, 0.6005777561625284
L, h, 0.47712125471966244
h, L, 0.47712125471966244
l, h, 0.3345530298076447
h, l, 0.3345530298076447
M, h, 0.47658870470577785
h, M, 0.47658870470577785
m, h, 0.4479377343916904
h, m, 0.4479377343916904
N, h, 0.6051557069892297
h, N, 0.6051557069892297
n, h, 0.890013466361725
h, n, 0.890013466361725
O, h, 0.48804386240061126
h, O, 0.48804386240061126
o, h, 0.5316724097974733
h, o, 0.5316724097974733
P, h, 0.6470916702422461
h, P, 0.6470916702422461
p, h, 0.6454021480631612
h, p, 0.6454021480631612
Q, h, 0.3517651278996067
h, Q, 0.3517651278996067
q, h, 0.530087117930512
h, q, 0.530087117930512
R, h, 0.5619538514432819
h, R, 0.5619538514432819
r, h, 0.6149153120135494
h, r, 0.6149153120135494
S, h, 0.418195754092705
h, S, 0.418195754092705
s, h, 0.4246546783744499
h, s, 0.4246546783744499
T, h, 0.4611961956420816
h, T, 0.4611961956420816
t, h, 0.4687886704473583
h, t, 0.4687886704473583
U, h, 0.4842272902427637
h, U, 0.4842272902427637
u, h, 0.5671333484189691
h, u, 0.5671333484189691
V, h, 0.3617510609424308
h, V, 0.3617510609424308
v, h, 0.2649150186641475
h, v, 0.2649150186641475
W, h, 0.4624512888348967
h, W, 0.4624512888348967
w, h, 0.41618803715477004
h, w, 0.41618803715477004
X, h, 0.44671694000649165
h, X, 0.44671694000649165
x, h, 0.3770594863530401
h, x, 0.3770594863530401
Y, h, 0.2825001934652604
h, Y, 0.2825001934652604
y, h, 0.26434697923727213
h, y, 0.26434697923727213
Z, h, 0.2631529026201818
h, Z, 0.2631529026201818
z, h, 0.33314532692357457
h, z, 0.33314532692357457
i, I, 0.6128518977385294
I, i, 0.6128518977385294
J, I, 0.6910010746647435
I, J, 0.6910010746647435
j, I, 0.47826866485050945
I, j, 0.47826866485050945
K, I, 0.33634924694110907
I, K, 0.33634924694110907
k, I, 0.3175430246372403
I, k, 0.3175430246372403
L, I, 0.6070144702519651
I, L, 0.6070144702519651
l, I, 0.7840690563110879
I, l, 0.7840690563110879
M, I, 0.1933252914094653
I, M, 0.1933252914094653
m, I, 0.2576502242260148
I, m, 0.2576502242260148
N, I, 0.2858565927493247
I, N, 0.2858565927493247
n, I, 0.36946409661776075
I, n, 0.36946409661776075
O, I, 0.3153351389625465
I, O, 0.3153351389625465
o, I, 0.19668666666771592
I, o, 0.19668666666771592
P, I, 0.3726095367905349
I, P, 0.3726095367905349
p, I, 0.37537418077329626
I, p, 0.37537418077329626
Q, I, 0.24843100856228542
I, Q, 0.24843100856228542
q, I, 0.3139007209600834
I, q, 0.3139007209600834
R, I, 0.4168253528324114
I, R, 0.4168253528324114
r, I, 0.4069881376494347
I, r, 0.4069881376494347
S, I, 0.3420165134024649
I, S, 0.3420165134024649
s, I, 0.21394199969776842
I, s, 0.21394199969776842
T, I, 0.7114278058245012
I, T, 0.7114278058245012
t, I, 0.4430086894421601
I, t, 0.4430086894421601
U, I, 0.36240616612462706
I, U, 0.36240616612462706
u, I, 0.28051315270037364
I, u, 0.28051315270037364
V, I, 0.2803580218272245
I, V, 0.2803580218272245
v, I, 0.17151487864965506
I, v, 0.17151487864965506
W, I, 0.1992502974326009
I, W, 0.1992502974326009
w, I, 0.12505053850926579
I, w, 0.12505053850926579
X, I, 0.307296980051631
I, X, 0.307296980051631
x, I, 0.18735833212540656
I, x, 0.18735833212540656
Y, I, 0.3697458080334411
I, Y, 0.3697458080334411
y, I, 0.3338687918420134
I, y, 0.3338687918420134
Z, I, 0.6185235149116252
I, Z, 0.6185235149116252
z, I, 0.27582208051395235
I, z, 0.27582208051395235
J, i, 0.5472380911397823
i, J, 0.5472380911397823
j, i, 0.4618569381597287
i, j, 0.4618569381597287
K, i, 0.3533269047601003
i, K, 0.3533269047601003
k, i, 0.3516688640220313
i, k, 0.3516688640220313
L, i, 0.6243363860391146
i, L, 0.6243363860391146
l, i, 0.6989700043360189
i, l, 0.6989700043360189
M, i, 0.22014396045219073
i, M, 0.22014396045219073
m, i, 0.290457912499281
i, m, 0.290457912499281
N, i, 0.29625748080273623
i, N, 0.29625748080273623
n, i, 0.29472052175697394
i, n, 0.29472052175697394
O, i, 0.2406841432928171
i, O, 0.2406841432928171
o, i, 0.2717888838892073
i, o, 0.2717888838892073
P, i, 0.2750511532781268
i, P, 0.2750511532781268
p, i, 0.2817818906469233
i, p, 0.2817818906469233
Q, i, 0.1881114726004683
i, Q, 0.1881114726004683
q, i, 0.3027460923780398
i, q, 0.3027460923780398
R, i, 0.34130336452760224
i, R, 0.34130336452760224
r, i, 0.22882806607311
i, r, 0.22882806607311
S, i, 0.4405343790452032
i, S, 0.4405343790452032
s, i, 0.37675070960209955
i, s, 0.37675070960209955
T, i, 0.40173963467493995
i, T, 0.40173963467493995
t, i, 0.5429385392093058
i, t, 0.5429385392093058
U, i, 0.33343677808022554
i, U, 0.33343677808022554
u, i, 0.3492150748926253
i, u, 0.3492150748926253
V, i, 0.3207135797968539
i, V, 0.3207135797968539
v, i, 0.24824729239076623
i, v, 0.24824729239076623
W, i, 0.2256197818357
i, W, 0.2256197818357
w, i, 0.2287035962621054
i, w, 0.2287035962621054
X, i, 0.32524780836854666
i, X, 0.32524780836854666
x, i, 0.3065313364132581
i, x, 0.3065313364132581
Y, i, 0.2363534384999365
i, Y, 0.2363534384999365
y, i, 0.2578518023779061
i, y, 0.2578518023779061
Z, i, 0.3865656918956983
i, Z, 0.3865656918956983
z, i, 0.4355974222006633
i, z, 0.4355974222006633
j, J, 0.6939023332780061
J, j, 0.6939023332780061
K, J, 0.2932046581520246
J, K, 0.2932046581520246
k, J, 0.27224267888937187
J, k, 0.27224267888937187
L, J, 0.4914578582400027
J, L, 0.4914578582400027
l, J, 0.7365330162814223
J, l, 0.7365330162814223
M, J, 0.1776760142727513
J, M, 0.1776760142727513
m, J, 0.2362784650389978
J, m, 0.2362784650389978
N, J, 0.32194871392592916
J, N, 0.32194871392592916
n, J, 0.42848892934917976
J, n, 0.42848892934917976
O, J, 0.4657059644969215
J, O, 0.4657059644969215
o, J, 0.2838845659059638
J, o, 0.2838845659059638
P, J, 0.29114519952432877
J, P, 0.29114519952432877
p, J, 0.29148467775775083
J, p, 0.29148467775775083
Q, J, 0.381439686249724
J, Q, 0.381439686249724
q, J, 0.3921570406434998
J, q, 0.3921570406434998
R, J, 0.41128441490291573
J, R, 0.41128441490291573
r, J, 0.3289385990914487
J, r, 0.3289385990914487
S, J, 0.4305994865390759
J, S, 0.4305994865390759
s, J, 0.3188938254405856
J, s, 0.3188938254405856
T, J, 0.6253071868180394
J, T, 0.6253071868180394
t, J, 0.2968831934903083
J, t, 0.2968831934903083
U, J, 0.5300823981335006
J, U, 0.5300823981335006
u, J, 0.44010891295003973
J, u, 0.44010891295003973
V, J, 0.34604114735408453
J, V, 0.34604114735408453
v, J, 0.28214465150360746
J, v, 0.28214465150360746
W, J, 0.2421342096880499
J, W, 0.2421342096880499
w, J, 0.22237168102439347
J, w, 0.22237168102439347
X, J, 0.2818807229133495
J, X, 0.2818807229133495
x, J, 0.24552684908998915
J, x, 0.24552684908998915
Y, J, 0.2328149071953816
J, Y, 0.2328149071953816
y, J, 0.3228346607340103
J, y, 0.3228346607340103
Z, J, 0.40624906015481244
J, Z, 0.40624906015481244
z, J, 0.27443222717018634
J, z, 0.27443222717018634
K, j, 0.19355486198106966
j, K, 0.19355486198106966
k, j, 0.19747220090959391
j, k, 0.19747220090959391
L, j, 0.3312125043184404
j, L, 0.3312125043184404
l, j, 0.5615081476364685
j, l, 0.5615081476364685
M, j, 0.27245464583436363
j, M, 0.27245464583436363
m, j, 0.17701909745935598
j, m, 0.17701909745935598
N, j, 0.3290446986840262
j, N, 0.3290446986840262
n, j, 0.32739611872488666
j, n, 0.32739611872488666
O, j, 0.420112987623229
j, O, 0.420112987623229
o, j, 0.23611843513536188
j, o, 0.23611843513536188
P, j, 0.22471539026795945
j, P, 0.22471539026795945
p, j, 0.26153209246483833
j, p, 0.26153209246483833
Q, j, 0.3923966557840448
j, Q, 0.3923966557840448
q, j, 0.33176174601936687
j, q, 0.33176174601936687
R, j, 0.37317797898040217
j, R, 0.37317797898040217
r, j, 0.16279365772120777
j, r, 0.16279365772120777
S, j, 0.3741073996654022
j, S, 0.3741073996654022
s, j, 0.18807032323839779
j, s, 0.18807032323839779
T, j, 0.46364418091155507
j, T, 0.46364418091155507
t, j, 0.32642838321756124
j, t, 0.32642838321756124
U, j, 0.4478634254869153
j, U, 0.4478634254869153
u, j, 0.33061507841509397
j, u, 0.33061507841509397
V, j, 0.2809616094157316
j, V, 0.2809616094157316
v, j, 0.18347321267828082
j, v, 0.18347321267828082
W, j, 0.23680606436884133
j, W, 0.23680606436884133
w, j, 0.22362319327753183
j, w, 0.22362319327753183
X, j, 0.24514657951447175
j, X, 0.24514657951447175
x, j, 0.17172157396736523
j, x, 0.17172157396736523
Y, j, 0.2009675196540757
j, Y, 0.2009675196540757
y, j, 0.2874571884747073
j, y, 0.2874571884747073
Z, j, 0.3056514871357369
j, Z, 0.3056514871357369
z, j, 0.17201667355530748
j, z, 0.17201667355530748
k, K, 0.7951433004890327
K, k, 0.7951433004890327
L, K, 0.5080229401656363
K, L, 0.5080229401656363
l, K, 0.2807719675924939
K, l, 0.2807719675924939
M, K, 0.5584486833017851
K, M, 0.5584486833017851
m, K, 0.43531141989733846
K, m, 0.43531141989733846
N, K, 0.6671443904202957
K, N, 0.6671443904202957
n, K, 0.46167276341608404
K, n, 0.46167276341608404
O, K, 0.39842498301825086
K, O, 0.39842498301825086
o, K, 0.3953625857842269
K, o, 0.3953625857842269
P, K, 0.5664900533065148
K, P, 0.5664900533065148
p, K, 0.5173794414401627
K, p, 0.5173794414401627
Q, K, 0.3284370346054312
K, Q, 0.3284370346054312
q, K, 0.49592634064958957
K, q, 0.49592634064958957
R, K, 0.7528313300538418
K, R, 0.7528313300538418
r, K, 0.37942943325222483
K, r, 0.37942943325222483
S, K, 0.4546789814396501
K, S, 0.4546789814396501
s, K, 0.5913128462341172
K, s, 0.5913128462341172
T, K, 0.4431601722456376
K, T, 0.4431601722456376
t, K, 0.5413621509743507
K, t, 0.5413621509743507
U, K, 0.4210798121803002
K, U, 0.4210798121803002
u, K, 0.48632774328793116
K, u, 0.48632774328793116
V, K, 0.4825960240143714
K, V, 0.4825960240143714
v, K, 0.46397613644265495
K, v, 0.46397613644265495
W, K, 0.547433499233924
K, W, 0.547433499233924
w, K, 0.44402147871950404
K, w, 0.44402147871950404
X, K, 0.7625279593426882
K, X, 0.7625279593426882
x, K, 0.586129389350987
K, x, 0.586129389350987
Y, K, 0.4307010617125123
K, Y, 0.4307010617125123
y, K, 0.5037734494911027
K, y, 0.5037734494911027
Z, K, 0.5122967342147926
K, Z, 0.5122967342147926
z, K, 0.5019581096782333
K, z, 0.5019581096782333
L, k, 0.5777129515077608
k, L, 0.5777129515077608
l, k, 0.37886875383609675
k, l, 0.37886875383609675
M, k, 0.5157133208926632
k, M, 0.5157133208926632
m, k, 0.5046342911642387
k, m, 0.5046342911642387
N, k, 0.6234293461558291
k, N, 0.6234293461558291
n, k, 0.4478534590038704
k, n, 0.4478534590038704
O, k, 0.3857193238610554
k, O, 0.3857193238610554
o, k, 0.4130157772668896
k, o, 0.4130157772668896
P, k, 0.5599871267324995
k, P, 0.5599871267324995
p, k, 0.4949626645239114
k, p, 0.4949626645239114
Q, k, 0.3371644700479077
k, Q, 0.3371644700479077
q, k, 0.4568357946479689
k, q, 0.4568357946479689
R, k, 0.7044526044218125
k, R, 0.7044526044218125
r, k, 0.3985848409833806
k, r, 0.3985848409833806
S, k, 0.41628951749990517
k, S, 0.41628951749990517
s, k, 0.5601268026999671
k, s, 0.5601268026999671
T, k, 0.3908676994600789
k, T, 0.3908676994600789
t, k, 0.5579619565315553
k, t, 0.5579619565315553
U, k, 0.4584891435005178
k, U, 0.4584891435005178
u, k, 0.5098523620385395
k, u, 0.5098523620385395
V, k, 0.5053718023556657
k, V, 0.5053718023556657
v, k, 0.4490925311194189
k, v, 0.4490925311194189
W, k, 0.5494630762369819
k, W, 0.5494630762369819
w, k, 0.4953142595456815
k, w, 0.4953142595456815
X, k, 0.6457543213248641
k, X, 0.6457543213248641
x, k, 0.6541220313473486
k, x, 0.6541220313473486
Y, k, 0.4410969257021874
k, Y, 0.4410969257021874
y, k, 0.46428403001449026
k, y, 0.46428403001449026
Z, k, 0.4888466685793127
k, Z, 0.4888466685793127
z, k, 0.543412175388115
k, z, 0.543412175388115
l, L, 0.7139237172416782
L, l, 0.7139237172416782
M, L, 0.21248859243853432
L, M, 0.21248859243853432
m, L, 0.25026368443093894
L, m, 0.25026368443093894
N, L, 0.3407287458555035
L, N, 0.3407287458555035
n, L, 0.3556898810202757
L, n, 0.3556898810202757
O, L, 0.3685680644627187
L, O, 0.3685680644627187
o, L, 0.3197281703525929
L, o, 0.3197281703525929
P, L, 0.402247096686948
L, P, 0.402247096686948
p, L, 0.4092865185889624
L, p, 0.4092865185889624
Q, L, 0.25172605065067566
L, Q, 0.25172605065067566
q, L, 0.2787814412350208
L, q, 0.2787814412350208
R, L, 0.38335164686154866
L, R, 0.38335164686154866
r, L, 0.30458171953676033
L, r, 0.30458171953676033
S, L, 0.3067385490796258
L, S, 0.3067385490796258
s, L, 0.3871014376894485
L, s, 0.3871014376894485
T, L, 0.5733031963385862
L, T, 0.5733031963385862
t, L, 0.6219696527600076
L, t, 0.6219696527600076
U, L, 0.5145836462494551
L, U, 0.5145836462494551
u, L, 0.49310235541057396
L, u, 0.49310235541057396
V, L, 0.3179123022775659
L, V, 0.3179123022775659
v, L, 0.2381652622083458
L, v, 0.2381652622083458
W, L, 0.32672954370166146
L, W, 0.32672954370166146
w, L, 0.3619190769462531
L, w, 0.3619190769462531
X, L, 0.2929016267533573
L, X, 0.2929016267533573
x, L, 0.2732256556811823
L, x, 0.2732256556811823
Y, L, 0.18576414179816533
L, Y, 0.18576414179816533
y, L, 0.15107133332625072
L, y, 0.15107133332625072
Z, L, 0.3190033666758821
L, Z, 0.3190033666758821
z, L, 0.3624853580436129
L, z, 0.3624853580436129
M, l, 0.19576952502560382
l, M, 0.19576952502560382
m, l, 0.18744092847419777
l, m, 0.18744092847419777
N, l, 0.2467529298864659
l, N, 0.2467529298864659
n, l, 0.3419077216065698
l, n, 0.3419077216065698
O, l, 0.30610639622171876
l, O, 0.30610639622171876
o, l, 0.15339136896050465
l, o, 0.15339136896050465
P, l, 0.26935682145829365
l, P, 0.26935682145829365
p, l, 0.307081061636013
l, p, 0.307081061636013
Q, l, 0.24618533907757195
l, Q, 0.24618533907757195
q, l, 0.3447184280857784
l, q, 0.3447184280857784
R, l, 0.3309932190414244
l, R, 0.3309932190414244
r, l, 0.32369398029992497
l, r, 0.32369398029992497
S, l, 0.3109205854701279
l, S, 0.3109205854701279
s, l, 0.2716951222614541
l, s, 0.2716951222614541
T, l, 0.6642078980768068
l, T, 0.6642078980768068
t, l, 0.5082687112933307
l, t, 0.5082687112933307
U, l, 0.39334425698288855
l, U, 0.39334425698288855
u, l, 0.316836494944044
l, u, 0.316836494944044
V, l, 0.2750511532781268
l, V, 0.2750511532781268
v, l, 0.13333256002206725
l, v, 0.13333256002206725
W, l, 0.17480318747804338
l, W, 0.17480318747804338
w, l, 0.1850356620628841
l, w, 0.1850356620628841
X, l, 0.24289135235593387
l, X, 0.24289135235593387
x, l, 0.2397031986734264
l, x, 0.2397031986734264
Y, l, 0.2590303299989812
l, Y, 0.2590303299989812
y, l, 0.29277269145485185
l, y, 0.29277269145485185
Z, l, 0.3875991753338188
l, Z, 0.3875991753338188
z, l, 0.3755358990704184
l, z, 0.3755358990704184
m, M, 0.6574591277273696
M, m, 0.6574591277273696
N, M, 0.7026661498959825
M, N, 0.7026661498959825
n, M, 0.37233781223548945
M, n, 0.37233781223548945
O, M, 0.5627502573180297
M, O, 0.5627502573180297
o, M, 0.4777772888049881
M, o, 0.4777772888049881
P, M, 0.5322662769471189
M, P, 0.5322662769471189
p, M, 0.5102750028898873
M, p, 0.5102750028898873
Q, M, 0.4461831836110089
M, Q, 0.4461831836110089
q, M, 0.5637547207025321
M, q, 0.5637547207025321
R, M, 0.519743031427479
M, R, 0.519743031427479
r, M, 0.37753676317759893
M, r, 0.37753676317759893
S, M, 0.42678343474175495
M, S, 0.42678343474175495
s, M, 0.3731164249470055
M, s, 0.3731164249470055
T, M, 0.276123460075092
M, T, 0.276123460075092
t, M, 0.3471298547736472
M, t, 0.3471298547736472
U, M, 0.496181115086781
M, U, 0.496181115086781
u, M, 0.4148562506397972
M, u, 0.4148562506397972
V, M, 0.40821171943483375
M, V, 0.40821171943483375
v, M, 0.4335455224298684
M, v, 0.4335455224298684
W, M, 0.7404199880604465
M, W, 0.7404199880604465
w, M, 0.5860983578988503
M, w, 0.5860983578988503
X, M, 0.5952381073167289
M, X, 0.5952381073167289
x, M, 0.47875292031549366
M, x, 0.47875292031549366
Y, M, 0.3893587188684241
M, Y, 0.3893587188684241
y, M, 0.4389695881992702
M, y, 0.4389695881992702
Z, M, 0.4348660181718395
M, Z, 0.4348660181718395
z, M, 0.31417333517916723
M, z, 0.31417333517916723
N, m, 0.5555707491503563
m, N, 0.5555707491503563
n, m, 0.40027493086567933
m, n, 0.40027493086567933
O, m, 0.5716086790537851
m, O, 0.5716086790537851
o, m, 0.6068350452622667
m, o, 0.6068350452622667
P, m, 0.4789614883285778
m, P, 0.4789614883285778
p, m, 0.5255480498230427
m, p, 0.5255480498230427
Q, m, 0.42646649104528367
m, Q, 0.42646649104528367
q, m, 0.48928716177469717
m, q, 0.48928716177469717
R, m, 0.42498838313838017
m, R, 0.42498838313838017
r, m, 0.46764536283578484
m, r, 0.46764536283578484
S, m, 0.33822302066039955
m, S, 0.33822302066039955
s, m, 0.4005833186087349
m, s, 0.4005833186087349
T, m, 0.3480057043639743
m, T, 0.3480057043639743
t, m, 0.4298197099509171
m, t, 0.4298197099509171
U, m, 0.46652818122223827
m, U, 0.46652818122223827
u, m, 0.37090380214944146
m, u, 0.37090380214944146
V, m, 0.4215744841741889
m, V, 0.4215744841741889
v, m, 0.39259806577530076
m, v, 0.39259806577530076
W, m, 0.5698950985410802
m, W, 0.5698950985410802
w, m, 0.5382730727706004
m, w, 0.5382730727706004
X, m, 0.4047366181501171
m, X, 0.4047366181501171
x, m, 0.44958972004825226
m, x, 0.44958972004825226
Y, m, 0.33350088090228497
m, Y, 0.33350088090228497
y, m, 0.31385142812966865
m, y, 0.31385142812966865
Z, m, 0.38698081708545046
m, Z, 0.38698081708545046
z, m, 0.38086200954681004
m, z, 0.38086200954681004
n, N, 0.4733880413431177
N, n, 0.4733880413431177
O, N, 0.5353938303953728
N, O, 0.5353938303953728
o, N, 0.5404311131798942
N, o, 0.5404311131798942
P, N, 0.5936637394681079
N, P, 0.5936637394681079
p, N, 0.6387001307057594
N, p, 0.6387001307057594
Q, N, 0.4823838160229757
N, Q, 0.4823838160229757
q, N, 0.6363231951981296
N, q, 0.6363231951981296
R, N, 0.6620155941690538
N, R, 0.6620155941690538
r, N, 0.35665375519720355
N, r, 0.35665375519720355
S, N, 0.5367447234031804
N, S, 0.5367447234031804
s, N, 0.5379077356454571
N, s, 0.5379077356454571
T, N, 0.3165153956728015
N, T, 0.3165153956728015
t, N, 0.4294570601181025
N, t, 0.4294570601181025
U, N, 0.6201646081447411
N, U, 0.6201646081447411
u, N, 0.5594821117238974
N, u, 0.5594821117238974
V, N, 0.5142892048321598
N, V, 0.5142892048321598
v, N, 0.4786444285103887
N, v, 0.4786444285103887
W, N, 0.7026195592740526
N, W, 0.7026195592740526
w, N, 0.5692618975694098
N, w, 0.5692618975694098
X, N, 0.6526622514503478
N, X, 0.6526622514503478
x, N, 0.47956164508946864
N, x, 0.47956164508946864
Y, N, 0.4661075847197101
N, Y, 0.4661075847197101
y, N, 0.5016153281998257
N, y, 0.5016153281998257
Z, N, 0.44350138521632837
N, Z, 0.44350138521632837
z, N, 0.3531733265921597
N, z, 0.3531733265921597
O, n, 0.43769160255896017
n, O, 0.43769160255896017
o, n, 0.5935624290129258
n, o, 0.5935624290129258
P, n, 0.6520287094738051
n, P, 0.6520287094738051
p, n, 0.638941081298943
n, p, 0.638941081298943
Q, n, 0.30081015537485095
n, Q, 0.30081015537485095
q, n, 0.547468018515789
n, q, 0.547468018515789
R, n, 0.517274867762339
n, R, 0.517274867762339
r, n, 0.721832887295523
n, r, 0.721832887295523
S, n, 0.30393498630738847
n, S, 0.30393498630738847
s, n, 0.47030330493319417
n, s, 0.47030330493319417
T, n, 0.6066845299777759
n, T, 0.6066845299777759
t, n, 0.41654525318909796
n, t, 0.41654525318909796
U, n, 0.42546108232330054
n, U, 0.42546108232330054
u, n, 0.6734485548117195
n, u, 0.6734485548117195
V, n, 0.3455827850862857
n, V, 0.3455827850862857
v, n, 0.3510662842039313
n, v, 0.3510662842039313
W, n, 0.3518433580145445
n, W, 0.3518433580145445
w, n, 0.3903428269215161
n, w, 0.3903428269215161
X, n, 0.31024182722502713
n, X, 0.31024182722502713
x, n, 0.48255000643106066
n, x, 0.48255000643106066
Y, n, 0.25721446192395414
n, Y, 0.25721446192395414
y, n, 0.19860832680258728
n, y, 0.19860832680258728
Z, n, 0.2288233630915366
n, Z, 0.2288233630915366
z, n, 0.419452323362596
n, z, 0.419452323362596
o, O, 0.6050223417675872
O, o, 0.6050223417675872
P, O, 0.49187617373422987
O, P, 0.49187617373422987
p, O, 0.5590342178260911
O, p, 0.5590342178260911
Q, O, 0.6821415262972088
O, Q, 0.6821415262972088
q, O, 0.5372563426549495
O, q, 0.5372563426549495
R, O, 0.46920077108356517
O, R, 0.46920077108356517
r, O, 0.3932701305385524
O, r, 0.3932701305385524
S, O, 0.4978946624655955
O, S, 0.4978946624655955
s, O, 0.34210194847937836
O, s, 0.34210194847937836
T, O, 0.3279290825736986
O, T, 0.3279290825736986
t, O, 0.40262949675204057
O, t, 0.40262949675204057
U, O, 0.690210827120381
O, U, 0.690210827120381
u, O, 0.4798811926267188
O, u, 0.4798811926267188
V, O, 0.5120103662384148
O, V, 0.5120103662384148
v, O, 0.3768036046124449
O, v, 0.3768036046124449
W, O, 0.5592549651464795
O, W, 0.5592549651464795
w, O, 0.49302997558174977
O, w, 0.49302997558174977
X, O, 0.3253123730727321
O, X, 0.3253123730727321
x, O, 0.2187323227394931
O, x, 0.2187323227394931
Y, O, 0.28017985669086104
O, Y, 0.28017985669086104
y, O, 0.3214878428992978
O, y, 0.3214878428992978
Z, O, 0.3612444361176859
O, Z, 0.3612444361176859
z, O, 0.20832124277988284
O, z, 0.20832124277988284
P, o, 0.6022362114488233
o, P, 0.6022362114488233
p, o, 0.6967635924002007
o, p, 0.6967635924002007
Q, o, 0.4449919695857116
o, Q, 0.4449919695857116
q, o, 0.672981822384312
o, q, 0.672981822384312
R, o, 0.4705763270351866
o, R, 0.4705763270351866
r, o, 0.404225132575848
o, r, 0.404225132575848
S, o, 0.38972615661330906
o, S, 0.38972615661330906
s, o, 0.5474140868218922
o, s, 0.5474140868218922
T, o, 0.3640817414110702
o, T, 0.3640817414110702
t, o, 0.4822246563577921
o, t, 0.4822246563577921
U, o, 0.5764121554753973
o, U, 0.5764121554753973
u, o, 0.6250120304410428
o, u, 0.6250120304410428
V, o, 0.5598877430778085
o, V, 0.5598877430778085
v, o, 0.5022986127083042
o, v, 0.5022986127083042
W, o, 0.5218496109553875
o, W, 0.5218496109553875
w, o, 0.5453676796799575
o, w, 0.5453676796799575
X, o, 0.3395576846056812
o, X, 0.3395576846056812
x, o, 0.3813771336383961
o, x, 0.3813771336383961
Y, o, 0.39027256771950186
o, Y, 0.39027256771950186
y, o, 0.40605789889421706
o, y, 0.40605789889421706
Z, o, 0.34969247686806354
o, Z, 0.34969247686806354
z, o, 0.3724408121562184
o, z, 0.3724408121562184
p, P, 0.748429368763955
P, p, 0.748429368763955
Q, P, 0.34759925184773394
P, Q, 0.34759925184773394
q, P, 0.5472490732864722
P, q, 0.5472490732864722
R, P, 0.724499872949035
P, R, 0.724499872949035
r, P, 0.54197168718936
P, r, 0.54197168718936
S, P, 0.46810443640028715
P, S, 0.46810443640028715
s, P, 0.5207234332542027
P, s, 0.5207234332542027
T, P, 0.5695190766774302
P, T, 0.5695190766774302
t, P, 0.47865161692406644
P, t, 0.47865161692406644
U, P, 0.44837366265328576
P, U, 0.44837366265328576
u, P, 0.5719729961883449
P, u, 0.5719729961883449
V, P, 0.4799001137191023
P, V, 0.4799001137191023
v, P, 0.459774555476006
P, v, 0.459774555476006
W, P, 0.4571795706470699
P, W, 0.4571795706470699
w, P, 0.4783046191627294
P, w, 0.4783046191627294
X, P, 0.43303275406553215
P, X, 0.43303275406553215
x, P, 0.4513362039605752
P, x, 0.4513362039605752
Y, P, 0.37097109433864806
P, Y, 0.37097109433864806
y, P, 0.3781844339362736
P, y, 0.3781844339362736
Z, P, 0.3946622989108017
P, Z, 0.3946622989108017
z, P, 0.4214574425947861
P, z, 0.4214574425947861
Q, p, 0.44043116722345615
p, Q, 0.44043116722345615
q, p, 0.6157725553911385
p, q, 0.6157725553911385
R, p, 0.5744411728850041
p, R, 0.5744411728850041
r, p, 0.4980950764932411
p, r, 0.4980950764932411
S, p, 0.4058544779404698
p, S, 0.4058544779404698
s, p, 0.5209528242442991
p, s, 0.5209528242442991
T, p, 0.5541516196208063
p, T, 0.5541516196208063
t, p, 0.5222552067928903
p, t, 0.5222552067928903
U, p, 0.559286888148228
p, U, 0.559286888148228
u, p, 0.6177297897360675
p, u, 0.6177297897360675
V, p, 0.5257378371198653
p, V, 0.5257378371198653
v, p, 0.40628673224326806
p, v, 0.40628673224326806
W, p, 0.49533070184195155
p, W, 0.49533070184195155
w, p, 0.4550186125540978
p, w, 0.4550186125540978
X, p, 0.4223344476171871
p, X, 0.4223344476171871
x, p, 0.3973920029439273
p, x, 0.3973920029439273
Y, p, 0.31663506899455723
p, Y, 0.31663506899455723
y, p, 0.41131816680364064
p, y, 0.41131816680364064
Z, p, 0.36729446860765785
p, Z, 0.36729446860765785
z, p, 0.3783176186328132
p, z, 0.3783176186328132
q, Q, 0.48913667721254583
Q, q, 0.48913667721254583
R, Q, 0.34504682464835507
Q, R, 0.34504682464835507
r, Q, 0.2573455137261713
Q, r, 0.2573455137261713
S, Q, 0.40493495495222465
Q, S, 0.40493495495222465
s, Q, 0.23379913681017783
Q, s, 0.23379913681017783
T, Q, 0.1772457864929944
Q, T, 0.1772457864929944
t, Q, 0.2814344396006005
Q, t, 0.2814344396006005
U, Q, 0.5868719120879441
Q, U, 0.5868719120879441
u, Q, 0.40109197831188587
Q, u, 0.40109197831188587
V, Q, 0.5062552759704483
Q, V, 0.5062552759704483
v, Q, 0.37980399226350064
Q, v, 0.37980399226350064
W, Q, 0.5032068230339038
Q, W, 0.5032068230339038
w, Q, 0.40687809645982037
Q, w, 0.40687809645982037
X, Q, 0.30032152163752823
Q, X, 0.30032152163752823
x, Q, 0.24597211489714874
Q, x, 0.24597211489714874
Y, Q, 0.30356346852708765
Q, Y, 0.30356346852708765
y, Q, 0.35832539961841353
Q, y, 0.35832539961841353
Z, Q, 0.30676028902846014
Q, Z, 0.30676028902846014
z, Q, 0.19940788056811112
Q, z, 0.19940788056811112
R, q, 0.6000589853904656
q, R, 0.6000589853904656
r, q, 0.3490914411342206
q, r, 0.3490914411342206
S, q, 0.44228941028576785
q, S, 0.44228941028576785
s, q, 0.4672570949505659
q, s, 0.4672570949505659
T, q, 0.4111101320291207
q, T, 0.4111101320291207
t, q, 0.40204684288668086
q, t, 0.40204684288668086
U, q, 0.5063508723789133
q, U, 0.5063508723789133
u, q, 0.6157002554506136
q, u, 0.6157002554506136
V, q, 0.5061255056248707
q, V, 0.5061255056248707
v, q, 0.42569307724436395
q, v, 0.42569307724436395
W, q, 0.5262584859317182
q, W, 0.5262584859317182
w, q, 0.4534172150860325
q, w, 0.4534172150860325
X, q, 0.45823591055928864
q, X, 0.45823591055928864
x, q, 0.36637931173255345
q, x, 0.36637931173255345
Y, q, 0.33662738863665576
q, Y, 0.33662738863665576
y, q, 0.379229044952434
q, y, 0.379229044952434
Z, q, 0.38032784648661266
q, Z, 0.38032784648661266
z, q, 0.3547022610879679
q, z, 0.3547022610879679
r, R, 0.4648867983026508
R, r, 0.4648867983026508
S, R, 0.5243799375178918
R, S, 0.5243799375178918
s, R, 0.5788301506094876
R, s, 0.5788301506094876
T, R, 0.5027773900821952
R, T, 0.5027773900821952
t, R, 0.4599677620152455
R, t, 0.4599677620152455
U, R, 0.39117434965900555
R, U, 0.39117434965900555
u, R, 0.5034244658579927
R, u, 0.5034244658579927
V, R, 0.47712125471966244
R, V, 0.47712125471966244
v, R, 0.40201245830316235
R, v, 0.40201245830316235
W, R, 0.5112968727305224
R, W, 0.5112968727305224
w, R, 0.41870906658488016
R, w, 0.41870906658488016
X, R, 0.6693557520355308
R, X, 0.6693557520355308
x, R, 0.5125418819267332
R, x, 0.5125418819267332
Y, R, 0.34626892558763983
R, Y, 0.34626892558763983
y, R, 0.4463246958273838
R, y, 0.4463246958273838
Z, R, 0.5106105690386339
R, Z, 0.5106105690386339
z, R, 0.4397493403877204
R, z, 0.4397493403877204
S, r, 0.18285084270297788
r, S, 0.18285084270297788
s, r, 0.3174204118521506
r, s, 0.3174204118521506
T, r, 0.5550278526138812
r, T, 0.5550278526138812
t, r, 0.4056641238360466
r, t, 0.4056641238360466
U, r, 0.3276041698523169
r, U, 0.3276041698523169
u, r, 0.3583647503620552
r, u, 0.3583647503620552
V, r, 0.25041397048297737
r, V, 0.25041397048297737
v, r, 0.28399665636520083
r, v, 0.28399665636520083
W, r, 0.2654454522919253
r, W, 0.2654454522919253
w, r, 0.33118593902768134
r, w, 0.33118593902768134
X, r, 0.30263157516278255
r, X, 0.30263157516278255
x, r, 0.4030195342013126
r, x, 0.4030195342013126
Y, r, 0.2914165157106984
r, Y, 0.2914165157106984
y, r, 0.27452600557336787
r, y, 0.27452600557336787
Z, r, 0.3687647404219685
r, Z, 0.3687647404219685
z, r, 0.40036850231719834
r, z, 0.40036850231719834
s, S, 0.5097326233867939
S, s, 0.5097326233867939
T, S, 0.2339498027204151
S, T, 0.2339498027204151
t, S, 0.42546108232330054
S, t, 0.42546108232330054
U, S, 0.4382832503508529
S, U, 0.4382832503508529
u, S, 0.36075842828941274
S, u, 0.36075842828941274
V, S, 0.42100531274073105
S, V, 0.42100531274073105
v, S, 0.31628842751470687
S, v, 0.31628842751470687
W, S, 0.46248072853677236
S, W, 0.46248072853677236
w, S, 0.3872413044564775
S, w, 0.3872413044564775
X, S, 0.4617051395164615
S, X, 0.4617051395164615
x, S, 0.4146567903087239
S, x, 0.4146567903087239
Y, S, 0.3092268177064947
S, Y, 0.3092268177064947
y, S, 0.39938364816833793
S, y, 0.39938364816833793
Z, S, 0.40828084201025644
S, Z, 0.40828084201025644
z, S, 0.3306044146449071
S, z, 0.3306044146449071
T, s, 0.35279679612311293
s, T, 0.35279679612311293
t, s, 0.5380926664095034
s, t, 0.5380926664095034
U, s, 0.32209082424580504
s, U, 0.32209082424580504
u, s, 0.44411488944446853
s, u, 0.44411488944446853
V, s, 0.40423839104702697
s, V, 0.40423839104702697
v, s, 0.43456890403419873
s, v, 0.43456890403419873
W, s, 0.4150500513411875
s, W, 0.4150500513411875
w, s, 0.45776056669613246
s, w, 0.45776056669613246
X, s, 0.48531008033583983
s, X, 0.48531008033583983
x, s, 0.5531594353984549
s, x, 0.5531594353984549
Y, s, 0.37675070960209955
s, Y, 0.37675070960209955
y, s, 0.3707042653328927
s, y, 0.3707042653328927
Z, s, 0.3318881183523063
s, Z, 0.3318881183523063
z, s, 0.5516168776284746
s, z, 0.5516168776284746
t, T, 0.544188031775242
T, t, 0.544188031775242
U, T, 0.3018965629256937
T, U, 0.3018965629256937
u, T, 0.3174204118521506
T, u, 0.3174204118521506
V, T, 0.317038782230139
T, V, 0.317038782230139
v, T, 0.2903882508136087
T, v, 0.2903882508136087
W, T, 0.19133613403167804
T, W, 0.19133613403167804
w, T, 0.2067910070718189
T, w, 0.2067910070718189
X, T, 0.29570116215891423
T, X, 0.29570116215891423
x, T, 0.33345508561882725
T, x, 0.33345508561882725
Y, T, 0.4763666159860809
T, Y, 0.4763666159860809
y, T, 0.30780377217331617
T, y, 0.30780377217331617
Z, T, 0.4549160616615762
T, Z, 0.4549160616615762
z, T, 0.3971335191516881
T, z, 0.3971335191516881
U, t, 0.38884450383750796
t, U, 0.38884450383750796
u, t, 0.4100310389048186
t, u, 0.4100310389048186
V, t, 0.48262259546893926
t, V, 0.48262259546893926
v, t, 0.415931109969593
t, v, 0.415931109969593
W, t, 0.31771100703321903
t, W, 0.31771100703321903
w, t, 0.2948168069767239
t, w, 0.2948168069767239
X, t, 0.4492797673723313
t, X, 0.4492797673723313
x, t, 0.47642693885330795
t, x, 0.47642693885330795
Y, t, 0.4190410454752552
t, Y, 0.4190410454752552
y, t, 0.3802959903667492
t, y, 0.3802959903667492
Z, t, 0.46254417929496144
t, Z, 0.46254417929496144
z, t, 0.5236882412871231
t, z, 0.5236882412871231
u, U, 0.6133708819868567
U, u, 0.6133708819868567
V, U, 0.5809524418078004
U, V, 0.5809524418078004
v, U, 0.42880451325228736
U, v, 0.42880451325228736
W, U, 0.5837742617784195
U, W, 0.5837742617784195
w, U, 0.5255846386562625
U, w, 0.5255846386562625
X, U, 0.3508763683090789
U, X, 0.3508763683090789
x, U, 0.24940923114223496
U, x, 0.24940923114223496
Y, U, 0.3188612993931344
U, Y, 0.3188612993931344
y, U, 0.3580327272086443
U, y, 0.3580327272086443
Z, U, 0.3366555480375601
U, Z, 0.3366555480375601
z, U, 0.19029842017465023
U, z, 0.19029842017465023
V, u, 0.6080400442544115
u, V, 0.6080400442544115
v, u, 0.5455563358462595
u, v, 0.5455563358462595
W, u, 0.45829439746017875
u, W, 0.45829439746017875
w, u, 0.4901049882589019
u, w, 0.4901049882589019
X, u, 0.4328769868812279
u, X, 0.4328769868812279
x, u, 0.4366423931114403
u, x, 0.4366423931114403
Y, u, 0.42419313444457335
u, Y, 0.42419313444457335
y, u, 0.44776586136712543
u, y, 0.44776586136712543
Z, u, 0.33171106132370476
u, Z, 0.33171106132370476
z, u, 0.3653798004333971
u, z, 0.3653798004333971
v, V, 0.7015783874435471
V, v, 0.7015783874435471
W, V, 0.514923941533437
V, W, 0.514923941533437
w, V, 0.49621215917489214
V, w, 0.49621215917489214
X, V, 0.5056683326466936
V, X, 0.5056683326466936
x, V, 0.4573060648421636
V, x, 0.4573060648421636
Y, V, 0.5953211095650706
V, Y, 0.5953211095650706
y, V, 0.6129373447870349
V, y, 0.6129373447870349
Z, V, 0.45072419671525016
V, Z, 0.45072419671525016
z, V, 0.35820539008919144
V, z, 0.35820539008919144
W, v, 0.3959659394463204
v, W, 0.3959659394463204
w, v, 0.5148360250249236
v, w, 0.5148360250249236
X, v, 0.5024074690949969
v, X, 0.5024074690949969
x, v, 0.517862404956435
v, x, 0.517862404956435
Y, v, 0.7305864253013145
v, Y, 0.7305864253013145
y, v, 0.6333660799498578
v, y, 0.6333660799498578
Z, v, 0.37863485347665093
v, Z, 0.37863485347665093
z, v, 0.42719648741523175
v, z, 0.42719648741523175
w, W, 0.725540642989606
W, w, 0.725540642989606
X, W, 0.5823408396231167
W, X, 0.5823408396231167
x, W, 0.4839100356160812
W, x, 0.4839100356160812
Y, W, 0.35233127457176644
W, Y, 0.35233127457176644
y, W, 0.4054496104507831
W, y, 0.4054496104507831
Z, W, 0.456169729803982
W, Z, 0.456169729803982
z, W, 0.33293637432742657
W, z, 0.33293637432742657
X, w, 0.40517439830457624
w, X, 0.40517439830457624
x, w, 0.6068507299920132
w, x, 0.6068507299920132
Y, w, 0.4572416066127499
w, Y, 0.4572416066127499
y, w, 0.3846635976600442
w, y, 0.3846635976600442
Z, w, 0.31679932560843027
w, Z, 0.31679932560843027
z, w, 0.43368937264647217
w, z, 0.43368937264647217
x, X, 0.619933258200525
X, x, 0.619933258200525
Y, X, 0.471015080571711
X, Y, 0.471015080571711
y, X, 0.5945016983315238
X, y, 0.5945016983315238
Z, X, 0.5867033468995965
X, Z, 0.5867033468995965
z, X, 0.4976259203773703
X, z, 0.4976259203773703
Y, x, 0.474394121853238
x, Y, 0.474394121853238
y, x, 0.4117620522996603
x, y, 0.4117620522996603
Z, x, 0.4180898211487223
x, Z, 0.4180898211487223
z, x, 0.6957490168999342
x, z, 0.6957490168999342
y, Y, 0.6003992073464979
Y, y, 0.6003992073464979
Z, Y, 0.4277508212804475
Y, Z, 0.4277508212804475
z, Y, 0.37821141707938766
Y, z, 0.37821141707938766
Z, y, 0.4677888025546184
y, Z, 0.4677888025546184
z, y, 0.3461083703991693
y, z, 0.3461083703991693
z, Z, 0.505730914586469
Z, z, 0.505730914586469